institution,elderate,city,street,numbers
Širvintų rajono savivaldybė,,,,
Širvintų rajono savivaldybė Alionių seniūnija,,Adolinos kaimas,,
Širvintų rajono savivaldybė Alionių seniūnija,,Alionių I kaimas,Bažnyčios gatvė,
Širvintų rajono savivaldybė Alionių seniūnija,,Alionių I kaimas,Jaunimo gatvė,
Širvintų rajono savivaldybė Alionių seniūnija,,Alionių I kaimas,Miško gatvė,
Širvintų rajono savivaldybė Alionių seniūnija,,Alionių I kaimas,Mokyklos gatvė,
Širvintų rajono savivaldybė Alionių seniūnija,,Alionių I kaimas,Naujakurių gatvė,
Širvintų rajono savivaldybė Alionių seniūnija,,Alionių I kaimas,Sodų gatvė,
Širvintų rajono savivaldybė Alionių seniūnija,,Alionių II kaimas,,
Širvintų rajono savivaldybė Alionių seniūnija,,Arliškių kaimas,,
Širvintų rajono savivaldybė Alionių seniūnija,,Bajorų kaimas,,
Širvintų rajono savivaldybė Alionių seniūnija,,Bakaniškių viensėdis,,
Širvintų rajono savivaldybė Alionių seniūnija,,Boruvkos kaimas,,
Širvintų rajono savivaldybė Alionių seniūnija,,Būdos kaimas,,
Širvintų rajono savivaldybė Alionių seniūnija,,Cegelnės viensėdis,,
Širvintų rajono savivaldybė Alionių seniūnija,,Diskavos viensėdis,,
Širvintų rajono savivaldybė Alionių seniūnija,,Drazdiškių viensėdis,,
Širvintų rajono savivaldybė Alionių seniūnija,,Gakos kaimas,,
Širvintų rajono savivaldybė Alionių seniūnija,,Gervėčių kaimas,,
Širvintų rajono savivaldybė Alionių seniūnija,,Joniškio viensėdis,,
Širvintų rajono savivaldybė Alionių seniūnija,,Jonių kaimas,,
Širvintų rajono savivaldybė Alionių seniūnija,,Juodiškių kaimas,Giedraičių gatvė,
Širvintų rajono savivaldybė Alionių seniūnija,,Juodiškių kaimas,Lazdynų gatvė,
Širvintų rajono savivaldybė Alionių seniūnija,,Juodiškių kaimas,Liepų gatvė,
Širvintų rajono savivaldybė Alionių seniūnija,,Juodiškių kaimas,Magūnų gatvė,
Širvintų rajono savivaldybė Alionių seniūnija,,Juodkų kaimas,,
Širvintų rajono savivaldybė Alionių seniūnija,,Krašienos kaimas,,
Širvintų rajono savivaldybė Alionių seniūnija,,Kvakšių kaimas,,
Širvintų rajono savivaldybė Alionių seniūnija,,Magūnų kaimas,,
Širvintų rajono savivaldybė Alionių seniūnija,,Maišelių kaimas,,
Širvintų rajono savivaldybė Alionių seniūnija,,Markūnų viensėdis,,
Širvintų rajono savivaldybė Alionių seniūnija,,Mickonių kaimas,,
Širvintų rajono savivaldybė Alionių seniūnija,,Miegučių kaimas,,
Širvintų rajono savivaldybė Alionių seniūnija,,Narūniškių viensėdis,,
Širvintų rajono savivaldybė Alionių seniūnija,,Nugarų viensėdis,,
Širvintų rajono savivaldybė Alionių seniūnija,,Ožiškių kaimas,,
Širvintų rajono savivaldybė Alionių seniūnija,,Pagirių kaimas,,
Širvintų rajono savivaldybė Alionių seniūnija,,Pajuodžių kaimas,,
Širvintų rajono savivaldybė Alionių seniūnija,,Palkių kaimas,,
Širvintų rajono savivaldybė Alionių seniūnija,,Paluknės kaimas,,
Širvintų rajono savivaldybė Alionių seniūnija,,Pamusės kaimas,,
Širvintų rajono savivaldybė Alionių seniūnija,,Pokiškių kaimas,,
Širvintų rajono savivaldybė Alionių seniūnija,,Ramaškonių kaimas,,
Širvintų rajono savivaldybė Alionių seniūnija,,Rudžionių kaimas,,
Širvintų rajono savivaldybė Alionių seniūnija,,Skauradų kaimas,,
Širvintų rajono savivaldybė Alionių seniūnija,,Sofos viensėdis,,
Širvintų rajono savivaldybė Alionių seniūnija,,Staniškių kaimas,,
Širvintų rajono savivaldybė Alionių seniūnija,,Tarautiškių kaimas,,
Širvintų rajono savivaldybė Alionių seniūnija,,Trapelių kaimas,,
Širvintų rajono savivaldybė Alionių seniūnija,,Trimputiškių kaimas,,
Širvintų rajono savivaldybė Alionių seniūnija,,Vičiūnų kaimas,,
Širvintų rajono savivaldybė Alionių seniūnija,,Zdoniškių viensėdis,,
Širvintų rajono savivaldybė Alionių seniūnija,,Zigmantų viensėdis,,
Širvintų rajono savivaldybė Alionių seniūnija,,Šlevėtrų kaimas,,
Širvintų rajono savivaldybė Gelvonų seniūnija,,Bagaslaviškio kaimas,,
Širvintų rajono savivaldybė Gelvonų seniūnija,,Bagaslaviškio miestelis,Beržų gatvė,
Širvintų rajono savivaldybė Gelvonų seniūnija,,Bagaslaviškio miestelis,Eglių gatvė,
Širvintų rajono savivaldybė Gelvonų seniūnija,,Bagaslaviškio miestelis,Gluosnių gatvė,
Širvintų rajono savivaldybė Gelvonų seniūnija,,Bagaslaviškio miestelis,Kaštonų gatvė,
Širvintų rajono savivaldybė Gelvonų seniūnija,,Bagaslaviškio miestelis,Klevų gatvė,
Širvintų rajono savivaldybė Gelvonų seniūnija,,Bagaslaviškio miestelis,Liepų gatvė,
Širvintų rajono savivaldybė Gelvonų seniūnija,,Bagaslaviškio miestelis,Uosių gatvė,
Širvintų rajono savivaldybė Gelvonų seniūnija,,Bagaslaviškio miestelis,Ąžuolų gatvė,
Širvintų rajono savivaldybė Gelvonų seniūnija,,Bagaslaviškio miestelis,Šermukšnių gatvė,
Širvintų rajono savivaldybė Gelvonų seniūnija,,Bagaslaviškio viensėdis,,
Širvintų rajono savivaldybė Gelvonų seniūnija,,Bagdyšių kaimas,,
Širvintų rajono savivaldybė Gelvonų seniūnija,,Boleslavos viensėdis,,
Širvintų rajono savivaldybė Gelvonų seniūnija,,Bubnių kaimas,,
Širvintų rajono savivaldybė Gelvonų seniūnija,,Cegelnės kaimas,,
Širvintų rajono savivaldybė Gelvonų seniūnija,,Dabužynės kaimas,,
Širvintų rajono savivaldybė Gelvonų seniūnija,,Dambuvkos kaimas,,
Širvintų rajono savivaldybė Gelvonų seniūnija,,Davonių kaimas,,
Širvintų rajono savivaldybė Gelvonų seniūnija,,Dobrovolės viensėdis,,
Širvintų rajono savivaldybė Gelvonų seniūnija,,Durpėnų viensėdis,,
Širvintų rajono savivaldybė Gelvonų seniūnija,,Dvejokų viensėdis,,
Širvintų rajono savivaldybė Gelvonų seniūnija,,Dūdų kaimas,,
Širvintų rajono savivaldybė Gelvonų seniūnija,,Garliaučiznos kaimas,,
Širvintų rajono savivaldybė Gelvonų seniūnija,,Gelvankos viensėdis,,
Širvintų rajono savivaldybė Gelvonų seniūnija,,Gelvonų kaimas,,
Širvintų rajono savivaldybė Gelvonų seniūnija,,Gelvonų miestelis,K. Donelaičio gatvė,
Širvintų rajono savivaldybė Gelvonų seniūnija,,Gelvonų miestelis,Mančiušėnų gatvė,
Širvintų rajono savivaldybė Gelvonų seniūnija,,Gelvonų miestelis,Mikalajūnų gatvė,
Širvintų rajono savivaldybė Gelvonų seniūnija,,Gelvonų miestelis,Naujakurių gatvė,
Širvintų rajono savivaldybė Gelvonų seniūnija,,Gelvonų miestelis,Pirties gatvė,
Širvintų rajono savivaldybė Gelvonų seniūnija,,Gelvonų miestelis,Raisto gatvė,
Širvintų rajono savivaldybė Gelvonų seniūnija,,Gelvonų miestelis,Rožių gatvė,
Širvintų rajono savivaldybė Gelvonų seniūnija,,Gelvonų miestelis,Vilniaus gatvė,
Širvintų rajono savivaldybė Gelvonų seniūnija,,Gelvonų miestelis,Šarkaičių gatvė,
Širvintų rajono savivaldybė Gelvonų seniūnija,,Gelvonų miestelis,Šviesos gatvė,
Širvintų rajono savivaldybė Gelvonų seniūnija,,Gelvės viensėdis,,
Širvintų rajono savivaldybė Gelvonų seniūnija,,Grežėniškių kaimas,,
Širvintų rajono savivaldybė Gelvonų seniūnija,,Gurų viensėdis,,
Širvintų rajono savivaldybė Gelvonų seniūnija,,Išeriškių kaimas,,
Širvintų rajono savivaldybė Gelvonų seniūnija,,Januvkos viensėdis,,
Širvintų rajono savivaldybė Gelvonų seniūnija,,Juodagalviškių viensėdis,,
Širvintų rajono savivaldybė Gelvonų seniūnija,,Kaliakiemių kaimas,,
Širvintų rajono savivaldybė Gelvonų seniūnija,,Kangedų kaimas,,
Širvintų rajono savivaldybė Gelvonų seniūnija,,Karališkių kaimas,,
Širvintų rajono savivaldybė Gelvonų seniūnija,,Kaženiškių viensėdis,,
Širvintų rajono savivaldybė Gelvonų seniūnija,,Lapiškių I kaimas,,
Širvintų rajono savivaldybė Gelvonų seniūnija,,Lapiškių II kaimas,,
Širvintų rajono savivaldybė Gelvonų seniūnija,,Laplierių kaimas,,
Širvintų rajono savivaldybė Gelvonų seniūnija,,Lapšių kaimas,,
Širvintų rajono savivaldybė Gelvonų seniūnija,,Lemantaučiznos viensėdis,,
Širvintų rajono savivaldybė Gelvonų seniūnija,,Lesčiūnų kaimas,,
Širvintų rajono savivaldybė Gelvonų seniūnija,,Linamargio viensėdis,,
Širvintų rajono savivaldybė Gelvonų seniūnija,,Liukonių kaimas,Fulgendo Lumbio gatvė,
Širvintų rajono savivaldybė Gelvonų seniūnija,,Liukonių kaimas,Kabarkštos gatvė,
Širvintų rajono savivaldybė Gelvonų seniūnija,,Liukonių kaimas,Malūno gatvė,
Širvintų rajono savivaldybė Gelvonų seniūnija,,Liukonių kaimas,Pakrantės gatvė,
Širvintų rajono savivaldybė Gelvonų seniūnija,,Liukonių kaimas,Smilgų gatvė,
Širvintų rajono savivaldybė Gelvonų seniūnija,,Liukonių kaimas,Sodžiaus gatvė,
Širvintų rajono savivaldybė Gelvonų seniūnija,,Liukonių kaimas,Širvintos gatvė,
Širvintų rajono savivaldybė Gelvonų seniūnija,,Liukonių kaimas,Žiedo gatvė,
Širvintų rajono savivaldybė Gelvonų seniūnija,,Mantinionių kaimas,,
Širvintų rajono savivaldybė Gelvonų seniūnija,,Mančiušėnų kaimas,,
Širvintų rajono savivaldybė Gelvonų seniūnija,,Markeliškio viensėdis,,
Širvintų rajono savivaldybė Gelvonų seniūnija,,Markūnų kaimas,,
Širvintų rajono savivaldybė Gelvonų seniūnija,,Maskoliškių kaimas,,
Širvintų rajono savivaldybė Gelvonų seniūnija,,Maželių kaimas,,
Širvintų rajono savivaldybė Gelvonų seniūnija,,Mikalajūnų kaimas,,
Širvintų rajono savivaldybė Gelvonų seniūnija,,Moliupės viensėdis,,
Širvintų rajono savivaldybė Gelvonų seniūnija,,Neveronių kaimas,,
Širvintų rajono savivaldybė Gelvonų seniūnija,,Pagojo viensėdis,,
Širvintų rajono savivaldybė Gelvonų seniūnija,,Palionės viensėdis,,
Širvintų rajono savivaldybė Gelvonų seniūnija,,Pasodninkų kaimas,,
Širvintų rajono savivaldybė Gelvonų seniūnija,,Paširvinčių kaimas,,
Širvintų rajono savivaldybė Gelvonų seniūnija,,Pociūniškio kaimas,,
Širvintų rajono savivaldybė Gelvonų seniūnija,,Pramislavos kaimas,,
Širvintų rajono savivaldybė Gelvonų seniūnija,,Praniukų kaimas,,
Širvintų rajono savivaldybė Gelvonų seniūnija,,Pusilgiškių kaimas,,
Širvintų rajono savivaldybė Gelvonų seniūnija,,Pyplių kaimas,,
Širvintų rajono savivaldybė Gelvonų seniūnija,,Raudonkos viensėdis,,
Širvintų rajono savivaldybė Gelvonų seniūnija,,Sabališkių kaimas,,
Širvintų rajono savivaldybė Gelvonų seniūnija,,Savingės viensėdis,,
Širvintų rajono savivaldybė Gelvonų seniūnija,,Sedūnų kaimas,,
Širvintų rajono savivaldybė Gelvonų seniūnija,,Senadvarių kaimas,,
Širvintų rajono savivaldybė Gelvonų seniūnija,,Standviliškio kaimas,,
Širvintų rajono savivaldybė Gelvonų seniūnija,,Stavarygalos kaimas,,
Širvintų rajono savivaldybė Gelvonų seniūnija,,Tilvikų kaimas,,
Širvintų rajono savivaldybė Gelvonų seniūnija,,Totoriškio kaimas,,
Širvintų rajono savivaldybė Gelvonų seniūnija,,Užuežerio viensėdis,,
Širvintų rajono savivaldybė Gelvonų seniūnija,,Zubelių kaimas,,
Širvintų rajono savivaldybė Gelvonų seniūnija,,Šarkaičių kaimas,,
Širvintų rajono savivaldybė Gelvonų seniūnija,,Šeiniūnų kaimas,,
Širvintų rajono savivaldybė Gelvonų seniūnija,,Šiliankos viensėdis,,
Širvintų rajono savivaldybė Gelvonų seniūnija,,Šmukštų viensėdis,,
Širvintų rajono savivaldybė Gelvonų seniūnija,,Špokiškio kaimas,,
Širvintų rajono savivaldybė Gelvonų seniūnija,,Žaigaičių kaimas,,
Širvintų rajono savivaldybė Gelvonų seniūnija,,Žieveliškių kaimas,,
Širvintų rajono savivaldybė Gelvonų seniūnija,,Žičkų kaimas,,
Širvintų rajono savivaldybė Gelvonų seniūnija,,Žuvinčių kaimas,,
Širvintų rajono savivaldybė Jauniūnų seniūnija,,Antanaičių kaimas,Alyvų gatvė,
Širvintų rajono savivaldybė Jauniūnų seniūnija,,Antanaičių kaimas,Šiaulių gatvė,
Širvintų rajono savivaldybė Jauniūnų seniūnija,,Antanėlių kaimas,,
Širvintų rajono savivaldybė Jauniūnų seniūnija,,Balkūnų kaimas,,
Širvintų rajono savivaldybė Jauniūnų seniūnija,,Barskūnų kaimas,Mokyklos gatvė,
Širvintų rajono savivaldybė Jauniūnų seniūnija,,Barskūnų kaimas,Ringės gatvė,
Širvintų rajono savivaldybė Jauniūnų seniūnija,,Bartkuškio kaimas,Aušros gatvė,
Širvintų rajono savivaldybė Jauniūnų seniūnija,,Bartkuškio kaimas,Dvaro gatvė,
Širvintų rajono savivaldybė Jauniūnų seniūnija,,Bartkuškio kaimas,Liepų gatvė,
Širvintų rajono savivaldybė Jauniūnų seniūnija,,Bartkuškio kaimas,Parko gatvė,
Širvintų rajono savivaldybė Jauniūnų seniūnija,,Blendės kaimas,,
Širvintų rajono savivaldybė Jauniūnų seniūnija,,Darkuškių kaimas,,
Širvintų rajono savivaldybė Jauniūnų seniūnija,,Diržioniškių kaimas,Atgimimo gatvė,
Širvintų rajono savivaldybė Jauniūnų seniūnija,,Diržioniškių kaimas,Laisvės gatvė,
Širvintų rajono savivaldybė Jauniūnų seniūnija,,Diržioniškių kaimas,Maišiagalos gatvė,
Širvintų rajono savivaldybė Jauniūnų seniūnija,,Diržioniškių kaimas,Rato gatvė,
Širvintų rajono savivaldybė Jauniūnų seniūnija,,Diržioniškių kaimas,Rūko gatvė,
Širvintų rajono savivaldybė Jauniūnų seniūnija,,Diržioniškių kaimas,Saulės gatvė,
Širvintų rajono savivaldybė Jauniūnų seniūnija,,Diržioniškių kaimas,Saulėtekio gatvė,
Širvintų rajono savivaldybė Jauniūnų seniūnija,,Diržioniškių kaimas,Vilties gatvė,
Širvintų rajono savivaldybė Jauniūnų seniūnija,,Diržioniškių kaimas,Šviesos gatvė,
Širvintų rajono savivaldybė Jauniūnų seniūnija,,Diržioniškių kaimas,Žaros gatvė,
Širvintų rajono savivaldybė Jauniūnų seniūnija,,Diržioniškių kaimas,Žiburio gatvė,
Širvintų rajono savivaldybė Jauniūnų seniūnija,,Draučių kaimas,,
Širvintų rajono savivaldybė Jauniūnų seniūnija,,Eičiūnų kaimas,,
Širvintų rajono savivaldybė Jauniūnų seniūnija,,Godiškių kaimas,,
Širvintų rajono savivaldybė Jauniūnų seniūnija,,Graužių kaimas,,
Širvintų rajono savivaldybė Jauniūnų seniūnija,,Griciūnų kaimas,Austėjos gatvė,
Širvintų rajono savivaldybė Jauniūnų seniūnija,,Griciūnų kaimas,Blažiškių gatvė,
Širvintų rajono savivaldybė Jauniūnų seniūnija,,Griciūnų kaimas,Eglės gatvė,
Širvintų rajono savivaldybė Jauniūnų seniūnija,,Griciūnų kaimas,Gabijos gatvė,
Širvintų rajono savivaldybė Jauniūnų seniūnija,,Griciūnų kaimas,Gaidžioniškių gatvė,
Širvintų rajono savivaldybė Jauniūnų seniūnija,,Griciūnų kaimas,Gajos gatvė,
Širvintų rajono savivaldybė Jauniūnų seniūnija,,Griciūnų kaimas,Ilgabradės gatvė,
Širvintų rajono savivaldybė Jauniūnų seniūnija,,Griciūnų kaimas,Miglės gatvė,
Širvintų rajono savivaldybė Jauniūnų seniūnija,,Griciūnų kaimas,Mildos gatvė,
Širvintų rajono savivaldybė Jauniūnų seniūnija,,Griciūnų kaimas,Rasos gatvė,
Širvintų rajono savivaldybė Jauniūnų seniūnija,,Griciūnų kaimas,Šaltinio gatvė,
Širvintų rajono savivaldybė Jauniūnų seniūnija,,Griciūnų kaimas,Širvintų gatvė,
Širvintų rajono savivaldybė Jauniūnų seniūnija,,Griciūnų kaimas,Žemynos gatvė,
Širvintų rajono savivaldybė Jauniūnų seniūnija,,Gudulinės kaimas,Kukaveičio gatvė,
Širvintų rajono savivaldybė Jauniūnų seniūnija,,Gudulinės kaimas,Meiliakalnio gatvė,
Širvintų rajono savivaldybė Jauniūnų seniūnija,,Ilgabradės viensėdis,,
Širvintų rajono savivaldybė Jauniūnų seniūnija,,Jauniūnėlių kaimas,,
Širvintų rajono savivaldybė Jauniūnų seniūnija,,Jauniūnų kaimas,Jaunimo gatvė,
Širvintų rajono savivaldybė Jauniūnų seniūnija,,Jauniūnų kaimas,Pievų gatvė,
Širvintų rajono savivaldybė Jauniūnų seniūnija,,Jauniūnų kaimas,Plento gatvė,
Širvintų rajono savivaldybė Jauniūnų seniūnija,,Jauniūnų kaimas,Senoji gatvė,
Širvintų rajono savivaldybė Jauniūnų seniūnija,,Juodės kaimas,,
Širvintų rajono savivaldybė Jauniūnų seniūnija,,Karšūnalaukio kaimas,,
Širvintų rajono savivaldybė Jauniūnų seniūnija,,Klonėnų viensėdis,,
Širvintų rajono savivaldybė Jauniūnų seniūnija,,Krūmėniškių kaimas,,
Širvintų rajono savivaldybė Jauniūnų seniūnija,,Kubiliškių kaimas,,
Širvintų rajono savivaldybė Jauniūnų seniūnija,,Lauryniškių kaimas,,
Širvintų rajono savivaldybė Jauniūnų seniūnija,,Levaniškių kaimas,,
Širvintų rajono savivaldybė Jauniūnų seniūnija,,Liukonių viensėdis,,
Širvintų rajono savivaldybė Jauniūnų seniūnija,,Manastirkos viensėdis,,
Širvintų rajono savivaldybė Jauniūnų seniūnija,,Medžiukų kaimas,Naujakurių gatvė,
Širvintų rajono savivaldybė Jauniūnų seniūnija,,Medžiukų kaimas,Pamiškės gatvė,
Širvintų rajono savivaldybė Jauniūnų seniūnija,,Medžiukų kaimas,Plento gatvė,
Širvintų rajono savivaldybė Jauniūnų seniūnija,,Medžiukų kaimas,Senoji gatvė,
Širvintų rajono savivaldybė Jauniūnų seniūnija,,Meiliakalnio kaimas,,
Širvintų rajono savivaldybė Jauniūnų seniūnija,,Meiliūnų kaimas,,
Širvintų rajono savivaldybė Jauniūnų seniūnija,,Mešliukų kaimas,,
Širvintų rajono savivaldybė Jauniūnų seniūnija,,Musės kaimas,,
Širvintų rajono savivaldybė Jauniūnų seniūnija,,Nukovščiznos viensėdis,,
Širvintų rajono savivaldybė Jauniūnų seniūnija,,Osinuvkos kaimas,,
Širvintų rajono savivaldybė Jauniūnų seniūnija,,Pajuodėlės viensėdis,,
Širvintų rajono savivaldybė Jauniūnų seniūnija,,Pajuodžių kaimas,,
Širvintų rajono savivaldybė Jauniūnų seniūnija,,Pakalniškių kaimas,,
Širvintų rajono savivaldybė Jauniūnų seniūnija,,Papiernios kaimas,,
Širvintų rajono savivaldybė Jauniūnų seniūnija,,Paspėrių kaimas,Ežero gatvė,
Širvintų rajono savivaldybė Jauniūnų seniūnija,,Paspėrių kaimas,Kernavės gatvė,
Širvintų rajono savivaldybė Jauniūnų seniūnija,,Paspėrių kaimas,Spėros gatvė,
Širvintų rajono savivaldybė Jauniūnų seniūnija,,Pavasarėlių kaimas,,
Širvintų rajono savivaldybė Jauniūnų seniūnija,,Paversmių kaimas,,
Širvintų rajono savivaldybė Jauniūnų seniūnija,,Petriškių kaimas,,
Širvintų rajono savivaldybė Jauniūnų seniūnija,,Plikiškių kaimas,,
Širvintų rajono savivaldybė Jauniūnų seniūnija,,Pociūnų kaimas,Paupio gatvė,
Širvintų rajono savivaldybė Jauniūnų seniūnija,,Pociūnų kaimas,Zibalinos gatvė,
Širvintų rajono savivaldybė Jauniūnų seniūnija,,Ramoniškių kaimas,,
Širvintų rajono savivaldybė Jauniūnų seniūnija,,Sakalniškių kaimas,,
Širvintų rajono savivaldybė Jauniūnų seniūnija,,Salų kaimas,,
Širvintų rajono savivaldybė Jauniūnų seniūnija,,Sasnuvkos viensėdis,,
Širvintų rajono savivaldybė Jauniūnų seniūnija,,Skėterių kaimas,Pasieniečių gatvė,
Širvintų rajono savivaldybė Jauniūnų seniūnija,,Steporių kaimas,,
Širvintų rajono savivaldybė Jauniūnų seniūnija,,Turlojiškių kaimas,,
Širvintų rajono savivaldybė Jauniūnų seniūnija,,Užublendžių kaimas,Ateities gatvė,
Širvintų rajono savivaldybė Jauniūnų seniūnija,,Variekos kaimas,,
Širvintų rajono savivaldybė Jauniūnų seniūnija,,Verbalaukio viensėdis,,
Širvintų rajono savivaldybė Jauniūnų seniūnija,,Viršulių kaimas,,
Širvintų rajono savivaldybė Jauniūnų seniūnija,,Viršūniškių kaimas,,
Širvintų rajono savivaldybė Jauniūnų seniūnija,,Šalkiškių kaimas,,
Širvintų rajono savivaldybė Jauniūnų seniūnija,,Šiaulių kaimas,Ateities gatvė,
Širvintų rajono savivaldybė Jauniūnų seniūnija,,Šiaulių kaimas,Smėlynės gatvė,
Širvintų rajono savivaldybė Jauniūnų seniūnija,,Šiaulių kaimas,Vilniaus gatvė,
Širvintų rajono savivaldybė Jauniūnų seniūnija,,Šiaulių kaimas,Vingio gatvė,
Širvintų rajono savivaldybė Jauniūnų seniūnija,,Šilelio viensėdis,,
Širvintų rajono savivaldybė Jauniūnų seniūnija,,Ūlyčėlių kaimas,,
Širvintų rajono savivaldybė Jauniūnų seniūnija,,Žarnavagių kaimas,,
Širvintų rajono savivaldybė Jauniūnų seniūnija,,Žibėnų kaimas,,
Širvintų rajono savivaldybė Kernavės seniūnija,,Ardiškio kaimas,,
Širvintų rajono savivaldybė Kernavės seniūnija,,Boguliubos viensėdis,,
Širvintų rajono savivaldybė Kernavės seniūnija,,Dailidžių viensėdis,,
Širvintų rajono savivaldybė Kernavės seniūnija,,Kalnynų kaimas,,
Širvintų rajono savivaldybė Kernavės seniūnija,,Kernavės miestelis,Gedimino gatvė,
Širvintų rajono savivaldybė Kernavės seniūnija,,Kernavės miestelis,J. Šiaučiūno gatvė,
Širvintų rajono savivaldybė Kernavės seniūnija,,Kernavės miestelis,Kerniaus gatvė,
Širvintų rajono savivaldybė Kernavės seniūnija,,Kernavės miestelis,Kriveikiškių gatvė,
Širvintų rajono savivaldybė Kernavės seniūnija,,Kernavės miestelis,Kunigaikščių takas,
Širvintų rajono savivaldybė Kernavės seniūnija,,Kernavės miestelis,Lizdeikos gatvė,
Širvintų rajono savivaldybė Kernavės seniūnija,,Kernavės miestelis,Mindaugo gatvė,
Širvintų rajono savivaldybė Kernavės seniūnija,,Kernavės miestelis,Pajautos gatvė,
Širvintų rajono savivaldybė Kernavės seniūnija,,Kernavės miestelis,Pilkapio gatvė,
Širvintų rajono savivaldybė Kernavės seniūnija,,Kernavės miestelis,Ruseckų gatvė,
Širvintų rajono savivaldybė Kernavės seniūnija,,Kernavės miestelis,Senovės gatvė,
Širvintų rajono savivaldybė Kernavės seniūnija,,Kernavės miestelis,Traidenio gatvė,
Širvintų rajono savivaldybė Kernavės seniūnija,,Kernavės miestelis,Vilniaus gatvė,
Širvintų rajono savivaldybė Kernavės seniūnija,,Kernavės miestelis,Vytauto gatvė,
Širvintų rajono savivaldybė Kernavės seniūnija,,Kernavės miestelis,Šilo gatvė,
Širvintų rajono savivaldybė Kernavės seniūnija,,Klišabalės kaimas,Kernavės gatvė,
Širvintų rajono savivaldybė Kernavės seniūnija,,Klišabalės kaimas,Klevų gatvė,
Širvintų rajono savivaldybė Kernavės seniūnija,,Klišabalės kaimas,Liepų gatvė,
Širvintų rajono savivaldybė Kernavės seniūnija,,Klišabalės kaimas,Pragarinės gatvė,
Širvintų rajono savivaldybė Kernavės seniūnija,,Klišabalės kaimas,Semeniškių gatvė,
Širvintų rajono savivaldybė Kernavės seniūnija,,Kriveikiškio kaimas,,
Širvintų rajono savivaldybė Kernavės seniūnija,,Kryžiaukos I kaimas,,
Širvintų rajono savivaldybė Kernavės seniūnija,,Kryžiaukos II kaimas,,
Širvintų rajono savivaldybė Kernavės seniūnija,,Kunigiškių I kaimas,,
Širvintų rajono savivaldybė Kernavės seniūnija,,Kunigiškių II kaimas,,
Širvintų rajono savivaldybė Kernavės seniūnija,,Mitkiškių viensėdis,,
Širvintų rajono savivaldybė Kernavės seniūnija,,Paežerėlio viensėdis,,
Širvintų rajono savivaldybė Kernavės seniūnija,,Pakalniškių kaimas,,
Širvintų rajono savivaldybė Kernavės seniūnija,,Pazaltarūnų viensėdis,,
Širvintų rajono savivaldybė Kernavės seniūnija,,Poguliankos viensėdis,,
Širvintų rajono savivaldybė Kernavės seniūnija,,Ramoniškių I kaimas,,
Širvintų rajono savivaldybė Kernavės seniūnija,,Ramoniškių II kaimas,,
Širvintų rajono savivaldybė Kernavės seniūnija,,Rudeikiškių kaimas,,
Širvintų rajono savivaldybė Kernavės seniūnija,,Semeniškių kaimas,,
Širvintų rajono savivaldybė Kernavės seniūnija,,Sutkiškių kaimas,,
Širvintų rajono savivaldybė Kernavės seniūnija,,Svistūnų viensėdis,,
Širvintų rajono savivaldybė Kernavės seniūnija,,Valiukiškių kaimas,,
Širvintų rajono savivaldybė Kernavės seniūnija,,Vičiūnų kaimas,,
Širvintų rajono savivaldybė Kernavės seniūnija,,Zaltarūnų kaimas,,
Širvintų rajono savivaldybė Kernavės seniūnija,,Čirkų kaimas,,
Širvintų rajono savivaldybė Musninkų seniūnija,,Aleksandravos viensėdis,,
Širvintų rajono savivaldybė Musninkų seniūnija,,Antanošos kaimas,,
Širvintų rajono savivaldybė Musninkų seniūnija,,Bajoriškio kaimas,,
Širvintų rajono savivaldybė Musninkų seniūnija,,Bareikiškių kaimas,,
Širvintų rajono savivaldybė Musninkų seniūnija,,Bilotų kaimas,,
Širvintų rajono savivaldybė Musninkų seniūnija,,Daubariškio kaimas,,
Širvintų rajono savivaldybė Musninkų seniūnija,,Daubariškio viensėdis,,
Širvintų rajono savivaldybė Musninkų seniūnija,,Gataukiškio kaimas,,
Širvintų rajono savivaldybė Musninkų seniūnija,,Gojaus viensėdis,,
Širvintų rajono savivaldybė Musninkų seniūnija,,Juodonių kaimas,Antanošos gatvė,
Širvintų rajono savivaldybė Musninkų seniūnija,,Juodonių kaimas,Liepų gatvė,
Širvintų rajono savivaldybė Musninkų seniūnija,,Juodonių kaimas,Liukonių gatvė,
Širvintų rajono savivaldybė Musninkų seniūnija,,Kaimynėlių kaimas,,
Širvintų rajono savivaldybė Musninkų seniūnija,,Kaimynų kaimas,,
Širvintų rajono savivaldybė Musninkų seniūnija,,Katūniškių kaimas,,
Širvintų rajono savivaldybė Musninkų seniūnija,,Kaukiškio kaimas,,
Širvintų rajono savivaldybė Musninkų seniūnija,,Krapiliškių kaimas,,
Širvintų rajono savivaldybė Musninkų seniūnija,,Krunų kaimas,,
Širvintų rajono savivaldybė Musninkų seniūnija,,Limarninko kaimas,,
Širvintų rajono savivaldybė Musninkų seniūnija,,Liuliškių kaimas,,
Širvintų rajono savivaldybė Musninkų seniūnija,,Lydekupės viensėdis,,
Širvintų rajono savivaldybė Musninkų seniūnija,,Mantagališkių kaimas,,
Širvintų rajono savivaldybė Musninkų seniūnija,,Mikailiškio kaimas,,
Širvintų rajono savivaldybė Musninkų seniūnija,,Minčiukų kaimas,,
Širvintų rajono savivaldybė Musninkų seniūnija,,Musninkėlių kaimas,,
Širvintų rajono savivaldybė Musninkų seniūnija,,Musninkų miestelis,Alfonso Petrulio aikštė,
Širvintų rajono savivaldybė Musninkų seniūnija,,Musninkų miestelis,Bajoriškio gatvė,
Širvintų rajono savivaldybė Musninkų seniūnija,,Musninkų miestelis,Barboros gatvė,
Širvintų rajono savivaldybė Musninkų seniūnija,,Musninkų miestelis,Gaisrinės gatvė,
Širvintų rajono savivaldybė Musninkų seniūnija,,Musninkų miestelis,Gelvonų gatvė,
Širvintų rajono savivaldybė Musninkų seniūnija,,Musninkų miestelis,Kernavės gatvė,
Širvintų rajono savivaldybė Musninkų seniūnija,,Musninkų miestelis,Krunų gatvė,
Širvintų rajono savivaldybė Musninkų seniūnija,,Musninkų miestelis,Mokyklos gatvė,
Širvintų rajono savivaldybė Musninkų seniūnija,,Musninkų miestelis,Paberžės gatvė,
Širvintų rajono savivaldybė Musninkų seniūnija,,Musninkų miestelis,Parko gatvė,
Širvintų rajono savivaldybė Musninkų seniūnija,,Musninkų miestelis,Pieninės gatvė,
Širvintų rajono savivaldybė Musninkų seniūnija,,Musninkų miestelis,Vilniaus gatvė,
Širvintų rajono savivaldybė Musninkų seniūnija,,Musninkų miestelis,Vyšnių gatvė,
Širvintų rajono savivaldybė Musninkų seniūnija,,Musninkų miestelis,Čiobiškio gatvė,
Širvintų rajono savivaldybė Musninkų seniūnija,,Musninkų miestelis,Širvintų gatvė,
Širvintų rajono savivaldybė Musninkų seniūnija,,Narvydiškio kaimas,,
Širvintų rajono savivaldybė Musninkų seniūnija,,Paberžės kaimas,,
Širvintų rajono savivaldybė Musninkų seniūnija,,Padubės kaimas,,
Širvintų rajono savivaldybė Musninkų seniūnija,,Pagojo viensėdis,,
Širvintų rajono savivaldybė Musninkų seniūnija,,Paširvinčio kaimas,,
Širvintų rajono savivaldybė Musninkų seniūnija,,Pažydės kaimas,,
Širvintų rajono savivaldybė Musninkų seniūnija,,Pigašių kaimas,,
Širvintų rajono savivaldybė Musninkų seniūnija,,Plotų viensėdis,,
Širvintų rajono savivaldybė Musninkų seniūnija,,Rusokų kaimas,,
Širvintų rajono savivaldybė Musninkų seniūnija,,Rusteikiškių kaimas,,
Širvintų rajono savivaldybė Musninkų seniūnija,,Sakalninkų kaimas,,
Širvintų rajono savivaldybė Musninkų seniūnija,,Santariškių kaimas,,
Širvintų rajono savivaldybė Musninkų seniūnija,,Smailių kaimas,,
Širvintų rajono savivaldybė Musninkų seniūnija,,Stakaučiznos viensėdis,,
Širvintų rajono savivaldybė Musninkų seniūnija,,Stanislavuvkos viensėdis,,
Širvintų rajono savivaldybė Musninkų seniūnija,,Svietiškių kaimas,,
Širvintų rajono savivaldybė Musninkų seniūnija,,Svietiškių viensėdis,,
Širvintų rajono savivaldybė Musninkų seniūnija,,Taučiulių kaimas,,
Širvintų rajono savivaldybė Musninkų seniūnija,,Trakų viensėdis,,
Širvintų rajono savivaldybė Musninkų seniūnija,,Ulšiškių kaimas,,
Širvintų rajono savivaldybė Musninkų seniūnija,,Užušilių kaimas,,
Širvintų rajono savivaldybė Musninkų seniūnija,,Varnalėšų kaimas,,
Širvintų rajono savivaldybė Musninkų seniūnija,,Vileikiškių kaimas,Alyvų gatvė,
Širvintų rajono savivaldybė Musninkų seniūnija,,Vileikiškių kaimas,Gluosnių gatvė,
Širvintų rajono savivaldybė Musninkų seniūnija,,Vileikiškių kaimas,Kaštonų gatvė,
Širvintų rajono savivaldybė Musninkų seniūnija,,Vileikiškių kaimas,Musninkų gatvė,
Širvintų rajono savivaldybė Musninkų seniūnija,,Vileikiškių kaimas,Smailių gatvė,
Širvintų rajono savivaldybė Musninkų seniūnija,,Vileikiškių kaimas,Sodų gatvė,
Širvintų rajono savivaldybė Musninkų seniūnija,,Vileikiškių kaimas,Svietlikių gatvė,
Širvintų rajono savivaldybė Musninkų seniūnija,,Vileikiškių kaimas,Užušilių gatvė,
Širvintų rajono savivaldybė Musninkų seniūnija,,Vinkšnabrasčio kaimas,,
Širvintų rajono savivaldybė Musninkų seniūnija,,Virvyčių kaimas,,
Širvintų rajono savivaldybė Musninkų seniūnija,,Viršuliškių kaimas,Beržų gatvė,
Širvintų rajono savivaldybė Musninkų seniūnija,,Viršuliškių kaimas,Dvaro gatvė,
Širvintų rajono savivaldybė Musninkų seniūnija,,Viršuliškių kaimas,Liepų gatvė,
Širvintų rajono savivaldybė Musninkų seniūnija,,Viršuliškių kaimas,Viršuliškių gatvė,
Širvintų rajono savivaldybė Musninkų seniūnija,,Vyšnialaukio kaimas,,
Širvintų rajono savivaldybė Musninkų seniūnija,,Šafarnės viensėdis,,
Širvintų rajono savivaldybė Musninkų seniūnija,,Žadžių kaimas,,
Širvintų rajono savivaldybė Musninkų seniūnija,,Žagarinkos viensėdis,,
Širvintų rajono savivaldybė Zibalų seniūnija,,Anciūnų kaimas,Didžioji gatvė,
Širvintų rajono savivaldybė Zibalų seniūnija,,Anciūnų kaimas,Jaunimo gatvė,
Širvintų rajono savivaldybė Zibalų seniūnija,,Anciūnų kaimas,Liepų gatvė,
Širvintų rajono savivaldybė Zibalų seniūnija,,Anciūnų kaimas,Sodų gatvė,
Širvintų rajono savivaldybė Zibalų seniūnija,,Anciūnų kaimas,Žiedo gatvė,
Širvintų rajono savivaldybė Zibalų seniūnija,,Antaninavos kaimas,,
Širvintų rajono savivaldybė Zibalų seniūnija,,Aukštadvario kaimas,,
Širvintų rajono savivaldybė Zibalų seniūnija,,Bajorakampio kaimas,,
Širvintų rajono savivaldybė Zibalų seniūnija,,Beivydžių kaimas,Kaimynų gatvė,
Širvintų rajono savivaldybė Zibalų seniūnija,,Beivydžių kaimas,Ryto gatvė,
Širvintų rajono savivaldybė Zibalų seniūnija,,Beivydžių kaimas,Tuopų gatvė,
Širvintų rajono savivaldybė Zibalų seniūnija,,Bokšto viensėdis,,
Širvintų rajono savivaldybė Zibalų seniūnija,,Daubariškio viensėdis,,
Širvintų rajono savivaldybė Zibalų seniūnija,,Degsnių kaimas,,
Širvintų rajono savivaldybė Zibalų seniūnija,,Drublionių kaimas,Bitininkų gatvė,
Širvintų rajono savivaldybė Zibalų seniūnija,,Gaidelių viensėdis,,
Širvintų rajono savivaldybė Zibalų seniūnija,,Juozapavos kaimas,,
Širvintų rajono savivaldybė Zibalų seniūnija,,Juozapavos viensėdis,,
Širvintų rajono savivaldybė Zibalų seniūnija,,Jusiškio kaimas,,
Širvintų rajono savivaldybė Zibalų seniūnija,,Karališkių kaimas,,
Širvintų rajono savivaldybė Zibalų seniūnija,,Kiauklių kaimas,Alyvų gatvė,
Širvintų rajono savivaldybė Zibalų seniūnija,,Kiauklių kaimas,Bažnyčios gatvė,
Širvintų rajono savivaldybė Zibalų seniūnija,,Kiauklių kaimas,Jaunimo gatvė,
Širvintų rajono savivaldybė Zibalų seniūnija,,Kiauklių kaimas,Nepriklausomybės gatvė,
Širvintų rajono savivaldybė Zibalų seniūnija,,Kiauklių kaimas,Pievų gatvė,
Širvintų rajono savivaldybė Zibalų seniūnija,,Kiauklių kaimas,Ramybės gatvė,
Širvintų rajono savivaldybė Zibalų seniūnija,,Kiauklių kaimas,Tulpių gatvė,
Širvintų rajono savivaldybė Zibalų seniūnija,,Kiauklių viensėdis,,
Širvintų rajono savivaldybė Zibalų seniūnija,,Kiemelių kaimas,,
Širvintų rajono savivaldybė Zibalų seniūnija,,Kolionijos kaimas,,
Širvintų rajono savivaldybė Zibalų seniūnija,,Kriaunų kaimas,,
Širvintų rajono savivaldybė Zibalų seniūnija,,Kruznių kaimas,,
Širvintų rajono savivaldybė Zibalų seniūnija,,Kyvonių kaimas,,
Širvintų rajono savivaldybė Zibalų seniūnija,,Laužiškio viensėdis,,
Širvintų rajono savivaldybė Zibalų seniūnija,,Levaniškio I kaimas,,
Širvintų rajono savivaldybė Zibalų seniūnija,,Levaniškio II kaimas,,
Širvintų rajono savivaldybė Zibalų seniūnija,,Limonių kaimas,Ąžuolų gatvė,
Širvintų rajono savivaldybė Zibalų seniūnija,,Matukų kaimas,,
Širvintų rajono savivaldybė Zibalų seniūnija,,Medilių kaimas,,
Širvintų rajono savivaldybė Zibalų seniūnija,,Medinų kaimas,,
Širvintų rajono savivaldybė Zibalų seniūnija,,Naidelių kaimas,,
Širvintų rajono savivaldybė Zibalų seniūnija,,Naidų kaimas,,
Širvintų rajono savivaldybė Zibalų seniūnija,,Navasiolkų I kaimas,,
Širvintų rajono savivaldybė Zibalų seniūnija,,Navasiolkų II kaimas,,
Širvintų rajono savivaldybė Zibalų seniūnija,,Navasiolkų III kaimas,,
Širvintų rajono savivaldybė Zibalų seniūnija,,Pariešių kaimas,,
Širvintų rajono savivaldybė Zibalų seniūnija,,Pažūsių kaimas,,
Širvintų rajono savivaldybė Zibalų seniūnija,,Poriškio kaimas,,
Širvintų rajono savivaldybė Zibalų seniūnija,,Pumputiškio viensėdis,,
Širvintų rajono savivaldybė Zibalų seniūnija,,Ragaunės kaimas,,
Širvintų rajono savivaldybė Zibalų seniūnija,,Rubikonių kaimas,,
Širvintų rajono savivaldybė Zibalų seniūnija,,Staškūniškio kaimas,Maumedžio gatvė,
Širvintų rajono savivaldybė Zibalų seniūnija,,Stepanavos kaimas,,
Širvintų rajono savivaldybė Zibalų seniūnija,,Sudokių kaimas,,
Širvintų rajono savivaldybė Zibalų seniūnija,,Tarniškių kaimas,,
Širvintų rajono savivaldybė Zibalų seniūnija,,Topeliškio kaimas,,
Širvintų rajono savivaldybė Zibalų seniūnija,,Vaitkuškės kaimas,,
Širvintų rajono savivaldybė Zibalų seniūnija,,Vazgūnų kaimas,,
Širvintų rajono savivaldybė Zibalų seniūnija,,Veiveros kaimas,,
Širvintų rajono savivaldybė Zibalų seniūnija,,Zibalų kaimas,,
Širvintų rajono savivaldybė Zibalų seniūnija,,Zibalų miestelis,Gojaus gatvė,
Širvintų rajono savivaldybė Zibalų seniūnija,,Zibalų miestelis,Mokyklos gatvė,
Širvintų rajono savivaldybė Zibalų seniūnija,,Zibalų miestelis,Širvintų gatvė,
Širvintų rajono savivaldybė Zibalų seniūnija,,Čivyliškių viensėdis,,
Širvintų rajono savivaldybė Zibalų seniūnija,,Šafarnės kaimas,,
Širvintų rajono savivaldybė Zibalų seniūnija,,Šešuolėlių I kaimas,Alyvų gatvė,
Širvintų rajono savivaldybė Zibalų seniūnija,,Šešuolėlių I kaimas,Dvaro gatvė,
Širvintų rajono savivaldybė Zibalų seniūnija,,Šešuolėlių I kaimas,Girelės gatvė,
Širvintų rajono savivaldybė Zibalų seniūnija,,Šešuolėlių I kaimas,Jono Variakojo gatvė,
Širvintų rajono savivaldybė Zibalų seniūnija,,Šešuolėlių I kaimas,Malios gatvė,
Širvintų rajono savivaldybė Zibalų seniūnija,,Šešuolėlių II kaimas,Ramybės gatvė,
Širvintų rajono savivaldybė Zibalų seniūnija,,Šešuolėlių II kaimas,Žolynų gatvė,
Širvintų rajono savivaldybė Zibalų seniūnija,,Šventakalnio kaimas,,
Širvintų rajono savivaldybė Zibalų seniūnija,,Ščiūriškio kaimas,,
Širvintų rajono savivaldybė Zibalų seniūnija,,Ūlyčėlės kaimas,,
Širvintų rajono savivaldybė Zibalų seniūnija,,Žiūrių kaimas,,
Širvintų rajono savivaldybė Čiobiškio seniūnija,,Aleksandravos kaimas,,
Širvintų rajono savivaldybė Čiobiškio seniūnija,,Armoniškių viensėdis,,
Širvintų rajono savivaldybė Čiobiškio seniūnija,,Astruvkos kaimas,,
Širvintų rajono savivaldybė Čiobiškio seniūnija,,Babriškio kaimas,,
Širvintų rajono savivaldybė Čiobiškio seniūnija,,Babriškėlio kaimas,,
Širvintų rajono savivaldybė Čiobiškio seniūnija,,Bartasiūniškio kaimas,,
Širvintų rajono savivaldybė Čiobiškio seniūnija,,Boruvkos viensėdis,,
Širvintų rajono savivaldybė Čiobiškio seniūnija,,Brazelių kaimas,,
Širvintų rajono savivaldybė Čiobiškio seniūnija,,Burniškių kaimas,,
Širvintų rajono savivaldybė Čiobiškio seniūnija,,Darvydų kaimas,,
Širvintų rajono savivaldybė Čiobiškio seniūnija,,Dembuvkos viensėdis,,
Širvintų rajono savivaldybė Čiobiškio seniūnija,,Diršonių kaimas,,
Širvintų rajono savivaldybė Čiobiškio seniūnija,,Grebliaučiznos kaimas,,
Širvintų rajono savivaldybė Čiobiškio seniūnija,,Ilgojaus kaimas,,
Širvintų rajono savivaldybė Čiobiškio seniūnija,,Janionių kaimas,,
Širvintų rajono savivaldybė Čiobiškio seniūnija,,Juknonių kaimas,,
Širvintų rajono savivaldybė Čiobiškio seniūnija,,Kaimenkos viensėdis,,
Širvintų rajono savivaldybė Čiobiškio seniūnija,,Kamaikos viensėdis,,
Širvintų rajono savivaldybė Čiobiškio seniūnija,,Labūnavos kaimas,,
Širvintų rajono savivaldybė Čiobiškio seniūnija,,Lapelių kaimas,,
Širvintų rajono savivaldybė Čiobiškio seniūnija,,Laukystos viensėdis,,
Širvintų rajono savivaldybė Čiobiškio seniūnija,,Liaukiškių kaimas,,
Širvintų rajono savivaldybė Čiobiškio seniūnija,,Malinavos kaimas,,
Širvintų rajono savivaldybė Čiobiškio seniūnija,,Markučių kaimas,,
Širvintų rajono savivaldybė Čiobiškio seniūnija,,Michaluvkos viensėdis,,
Širvintų rajono savivaldybė Čiobiškio seniūnija,,Nesteriškio viensėdis,,
Širvintų rajono savivaldybė Čiobiškio seniūnija,,Padvarių kaimas,,
Širvintų rajono savivaldybė Čiobiškio seniūnija,,Pakerpės kaimas,,
Širvintų rajono savivaldybė Čiobiškio seniūnija,,Pamusių kaimas,,
Širvintų rajono savivaldybė Čiobiškio seniūnija,,Petruvkos viensėdis,,
Širvintų rajono savivaldybė Čiobiškio seniūnija,,Pigonių kaimas,,
Širvintų rajono savivaldybė Čiobiškio seniūnija,,Rusių Rago kaimas,,
Širvintų rajono savivaldybė Čiobiškio seniūnija,,Skruzdėlių kaimas,,
Širvintų rajono savivaldybė Čiobiškio seniūnija,,Smėliankos viensėdis,,
Širvintų rajono savivaldybė Čiobiškio seniūnija,,Spietiškių kaimas,,
Širvintų rajono savivaldybė Čiobiškio seniūnija,,Sporų viensėdis,,
Širvintų rajono savivaldybė Čiobiškio seniūnija,,Stepanavos kaimas,,
Širvintų rajono savivaldybė Čiobiškio seniūnija,,Strazdų kaimas,,
Širvintų rajono savivaldybė Čiobiškio seniūnija,,Toliotiškio kaimas,,
Širvintų rajono savivaldybė Čiobiškio seniūnija,,Ustronės kaimas,,
Širvintų rajono savivaldybė Čiobiškio seniūnija,,Užukamajo viensėdis,,
Širvintų rajono savivaldybė Čiobiškio seniūnija,,Valakėlės viensėdis,,
Širvintų rajono savivaldybė Čiobiškio seniūnija,,Čiobiškio kaimas,Kelto gatvė,
Širvintų rajono savivaldybė Čiobiškio seniūnija,,Čiobiškio kaimas,Kranto gatvė,
Širvintų rajono savivaldybė Čiobiškio seniūnija,,Čiobiškio kaimas,Laisvės gatvė,
Širvintų rajono savivaldybė Čiobiškio seniūnija,,Čiobiškio kaimas,Liepų gatvė,
Širvintų rajono savivaldybė Čiobiškio seniūnija,,Čiobiškio kaimas,Miško gatvė,
Širvintų rajono savivaldybė Čiobiškio seniūnija,,Čiobiškio kaimas,Neries gatvė,
Širvintų rajono savivaldybė Čiobiškio seniūnija,,Čiobiškio kaimas,Pušyno gatvė,
Širvintų rajono savivaldybė Čiobiškio seniūnija,,Čiobiškio kaimas,Vilties gatvė,
Širvintų rajono savivaldybė Čiobiškio seniūnija,,Čiobiškio kaimas,Šilo gatvė,
Širvintų rajono savivaldybė Čiobiškio seniūnija,,Žvagakalnio kaimas,,
Širvintų rajono savivaldybė Širvintų seniūnija,,Akmenių kaimas,Aitvarų gatvė,
Širvintų rajono savivaldybė Širvintų seniūnija,,Akmenių kaimas,Veterinarijos gatvė,
Širvintų rajono savivaldybė Širvintų seniūnija,,Alekniškio viensėdis,,
Širvintų rajono savivaldybė Širvintų seniūnija,,Astikų viensėdis,,
Širvintų rajono savivaldybė Širvintų seniūnija,,Augūnijos kaimas,,
Širvintų rajono savivaldybė Širvintų seniūnija,,Aukštųjų Viesų kaimas,,
Širvintų rajono savivaldybė Širvintų seniūnija,,Avižonių kaimas,Juodelių gatvė,
Širvintų rajono savivaldybė Širvintų seniūnija,,Avižonių kaimas,Kaštonų gatvė,
Širvintų rajono savivaldybė Širvintų seniūnija,,Avižonių kaimas,Miško gatvė,
Širvintų rajono savivaldybė Širvintų seniūnija,,Banišonių kaimas,,
Širvintų rajono savivaldybė Širvintų seniūnija,,Barzdžių kaimas,,
Širvintų rajono savivaldybė Širvintų seniūnija,,Barčių kaimas,,
Širvintų rajono savivaldybė Širvintų seniūnija,,Beržės kaimas,,
Širvintų rajono savivaldybė Širvintų seniūnija,,Bilotų kaimas,,
Širvintų rajono savivaldybė Širvintų seniūnija,,Bredėnų kaimas,,
Širvintų rajono savivaldybė Širvintų seniūnija,,Cegelnės viensėdis,,
Širvintų rajono savivaldybė Širvintų seniūnija,,Daciūnų kaimas,,
Širvintų rajono savivaldybė Širvintų seniūnija,,Dailidžionių kaimas,,
Širvintų rajono savivaldybė Širvintų seniūnija,,Dainių kaimas,,
Širvintų rajono savivaldybė Širvintų seniūnija,,Darmožarų kaimas,,
Širvintų rajono savivaldybė Širvintų seniūnija,,Degusio Kelmo viensėdis,,
Širvintų rajono savivaldybė Širvintų seniūnija,,Degučių kaimas,,
Širvintų rajono savivaldybė Širvintų seniūnija,,Dembuvkos kaimas,,
Širvintų rajono savivaldybė Širvintų seniūnija,,Družų kaimas,Ateities gatvė,
Širvintų rajono savivaldybė Širvintų seniūnija,,Družų kaimas,Draugystės gatvė,
Širvintų rajono savivaldybė Širvintų seniūnija,,Družų kaimas,Sodžiaus gatvė,
Širvintų rajono savivaldybė Širvintų seniūnija,,Družų kaimas,Tuopų gatvė,
Širvintų rajono savivaldybė Širvintų seniūnija,,Družų kaimas,Vyturių gatvė,
Širvintų rajono savivaldybė Širvintų seniūnija,,Družų kaimas,Širvintų gatvė,
Širvintų rajono savivaldybė Širvintų seniūnija,,Družų kaimas,Žolynų gatvė,
Širvintų rajono savivaldybė Širvintų seniūnija,,Dubelių kaimas,,
Širvintų rajono savivaldybė Širvintų seniūnija,,Dubių kaimas,,
Širvintų rajono savivaldybė Širvintų seniūnija,,Dūdiškių kaimas,,
Širvintų rajono savivaldybė Širvintų seniūnija,,Gavėnių kaimas,Giedraičių gatvė,
Širvintų rajono savivaldybė Širvintų seniūnija,,Gavėnių kaimas,Pavasario gatvė,
Širvintų rajono savivaldybė Širvintų seniūnija,,Geceniškių viensėdis,,
Širvintų rajono savivaldybė Širvintų seniūnija,,Gelvonėlių kaimas,,
Širvintų rajono savivaldybė Širvintų seniūnija,,Girelės viensėdis,,
Širvintų rajono savivaldybė Širvintų seniūnija,,Gorupės viensėdis,,
Širvintų rajono savivaldybė Širvintų seniūnija,,Grigaliūnų kaimas,,
Širvintų rajono savivaldybė Širvintų seniūnija,,Grigiškių kaimas,,
Širvintų rajono savivaldybė Širvintų seniūnija,,Grinių kaimas,,
Širvintų rajono savivaldybė Širvintų seniūnija,,Groblės viensėdis,,
Širvintų rajono savivaldybė Širvintų seniūnija,,Gudeliškių kaimas,,
Širvintų rajono savivaldybė Širvintų seniūnija,,Ivanavos kaimas,,
Širvintų rajono savivaldybė Širvintų seniūnija,,Jakūbonių kaimas,,
Širvintų rajono savivaldybė Širvintų seniūnija,,Jasiškių kaimas,,
Širvintų rajono savivaldybė Širvintų seniūnija,,Jaskaudžių kaimas,,
Širvintų rajono savivaldybė Širvintų seniūnija,,Juodelių kaimas,Plento gatvė,
Širvintų rajono savivaldybė Širvintų seniūnija,,Juodelių kaimas,Verslininkų gatvė,
Širvintų rajono savivaldybė Širvintų seniūnija,,Juozapavos kaimas,,
Širvintų rajono savivaldybė Širvintų seniūnija,,Kabaldos kaimas,Gėlyno gatvė,
Širvintų rajono savivaldybė Širvintų seniūnija,,Kabaldos kaimas,Kazliškių gatvė,
Širvintų rajono savivaldybė Širvintų seniūnija,,Kabaldos kaimas,Krantinės gatvė,
Širvintų rajono savivaldybė Širvintų seniūnija,,Kabaldos kaimas,Kriaunaitiškių gatvė,
Širvintų rajono savivaldybė Širvintų seniūnija,,Kabaldos kaimas,Musninkų gatvė,
Širvintų rajono savivaldybė Širvintų seniūnija,,Kabaldos kaimas,Nendrių gatvė,
Širvintų rajono savivaldybė Širvintų seniūnija,,Kabaldos kaimas,Paširvinčio gatvė,
Širvintų rajono savivaldybė Širvintų seniūnija,,Kabaldos kaimas,Rožių gatvė,
Širvintų rajono savivaldybė Širvintų seniūnija,,Kairionių kaimas,,
Širvintų rajono savivaldybė Širvintų seniūnija,,Kalnalaukio kaimas,,
Širvintų rajono savivaldybė Širvintų seniūnija,,Kantrimiškio kaimas,,
Širvintų rajono savivaldybė Širvintų seniūnija,,Kančiūnų kaimas,,
Širvintų rajono savivaldybė Širvintų seniūnija,,Kazareskos kaimas,,
Širvintų rajono savivaldybė Širvintų seniūnija,,Kazliškių kaimas,,
Širvintų rajono savivaldybė Širvintų seniūnija,,Kelpšiškių viensėdis,,
Širvintų rajono savivaldybė Širvintų seniūnija,,Kielių kaimas,Alyvų gatvė,
Širvintų rajono savivaldybė Širvintų seniūnija,,Kielių kaimas,Plento gatvė,
Širvintų rajono savivaldybė Širvintų seniūnija,,Kielių kaimas,Rasos gatvė,
Širvintų rajono savivaldybė Širvintų seniūnija,,Kielių kaimas,Širvintų gatvė,
Širvintų rajono savivaldybė Širvintų seniūnija,,Koltynės kaimas,,
Širvintų rajono savivaldybė Širvintų seniūnija,,Kriaunaitiškių viensėdis,,
Širvintų rajono savivaldybė Širvintų seniūnija,,Kruopinės viensėdis,,
Širvintų rajono savivaldybė Širvintų seniūnija,,Lapšių kaimas,,
Širvintų rajono savivaldybė Širvintų seniūnija,,Levainių kaimas,,
Širvintų rajono savivaldybė Širvintų seniūnija,,Liaurų kaimas,,
Širvintų rajono savivaldybė Širvintų seniūnija,,Liepinės viensėdis,,
Širvintų rajono savivaldybė Širvintų seniūnija,,Lipuvkos viensėdis,,
Širvintų rajono savivaldybė Širvintų seniūnija,,Liūnų I kaimas,,
Širvintų rajono savivaldybė Širvintų seniūnija,,Liūnų II kaimas,,
Širvintų rajono savivaldybė Širvintų seniūnija,,Matardavos viensėdis,,
Širvintų rajono savivaldybė Širvintų seniūnija,,Mažutiškio kaimas,,
Širvintų rajono savivaldybė Širvintų seniūnija,,Meižių kaimas,,
Širvintų rajono savivaldybė Širvintų seniūnija,,Motiejūnų kaimas,Alyvų gatvė,
Širvintų rajono savivaldybė Širvintų seniūnija,,Motiejūnų kaimas,Elektrinės gatvė,
Širvintų rajono savivaldybė Širvintų seniūnija,,Motiejūnų kaimas,Liepų gatvė,
Širvintų rajono savivaldybė Širvintų seniūnija,,Motiejūnų kaimas,Motiejūnų gatvė,
Širvintų rajono savivaldybė Širvintų seniūnija,,Motiejūnų kaimas,Tujų gatvė,
Širvintų rajono savivaldybė Širvintų seniūnija,,Motiejūnų kaimas,Tuopų gatvė,
Širvintų rajono savivaldybė Širvintų seniūnija,,Motiejūnų kaimas,Širvintų gatvė,
Širvintų rajono savivaldybė Širvintų seniūnija,,Nartakų kaimas,,
Širvintų rajono savivaldybė Širvintų seniūnija,,Naujapilio viensėdis,,
Širvintų rajono savivaldybė Širvintų seniūnija,,Navasiolkų kaimas,,
Širvintų rajono savivaldybė Širvintų seniūnija,,Nečionių kaimas,Meldų gatvė,
Širvintų rajono savivaldybė Širvintų seniūnija,,Pabiločių kaimas,,
Širvintų rajono savivaldybė Širvintų seniūnija,,Pablendžio kaimas,,
Širvintų rajono savivaldybė Širvintų seniūnija,,Padaciūnų kaimas,,
Širvintų rajono savivaldybė Širvintų seniūnija,,Pagojo viensėdis,,
Širvintų rajono savivaldybė Širvintų seniūnija,,Pailgių viensėdis,,
Širvintų rajono savivaldybė Širvintų seniūnija,,Paširvinčio kaimas,,
Širvintų rajono savivaldybė Širvintų seniūnija,,Paširvinčio viensėdis,,
Širvintų rajono savivaldybė Širvintų seniūnija,,Peliškių viensėdis,Beržų gatvė,
Širvintų rajono savivaldybė Širvintų seniūnija,,Peliškių viensėdis,Kaštonų gatvė,
Širvintų rajono savivaldybė Širvintų seniūnija,,Peliškių viensėdis,Klevų gatvė,
Širvintų rajono savivaldybė Širvintų seniūnija,,Peliškių viensėdis,Putinų gatvė,
Širvintų rajono savivaldybė Širvintų seniūnija,,Peliškių viensėdis,Tujų gatvė,
Širvintų rajono savivaldybė Širvintų seniūnija,,Pikūnų kaimas,,
Širvintų rajono savivaldybė Širvintų seniūnija,,Prienų kaimas,,
Širvintų rajono savivaldybė Širvintų seniūnija,,Puorių kaimas,Genių gatvė,
Širvintų rajono savivaldybė Širvintų seniūnija,,Puorių kaimas,Irisų gatvė,
Širvintų rajono savivaldybė Širvintų seniūnija,,Puorių kaimas,Kalnelio gatvė,
Širvintų rajono savivaldybė Širvintų seniūnija,,Puorių kaimas,Meldų gatvė,
Širvintų rajono savivaldybė Širvintų seniūnija,,Puorių kaimas,Pamiškės gatvė,
Širvintų rajono savivaldybė Širvintų seniūnija,,Puorių kaimas,Rožių gatvė,
Širvintų rajono savivaldybė Širvintų seniūnija,,Puorių kaimas,Vasaros gatvė,
Širvintų rajono savivaldybė Širvintų seniūnija,,Puorių kaimas,Vynuogių gatvė,
Širvintų rajono savivaldybė Širvintų seniūnija,,Puorių kaimas,Šilelio gatvė,
Širvintų rajono savivaldybė Širvintų seniūnija,,Puorių kaimas,Žibutės gatvė,
Širvintų rajono savivaldybė Širvintų seniūnija,,Raistalindžių kaimas,,
Širvintų rajono savivaldybė Širvintų seniūnija,,Rimučių kaimas,,
Širvintų rajono savivaldybė Širvintų seniūnija,,Rosachalinos viensėdis,,
Širvintų rajono savivaldybė Širvintų seniūnija,,Roskošnės viensėdis,,
Širvintų rajono savivaldybė Širvintų seniūnija,,Santakio kaimas,,
Širvintų rajono savivaldybė Širvintų seniūnija,,Sapnų viensėdis,,
Širvintų rajono savivaldybė Širvintų seniūnija,,Saveikiškio I kaimas,,
Širvintų rajono savivaldybė Širvintų seniūnija,,Saveikiškio II kaimas,,
Širvintų rajono savivaldybė Širvintų seniūnija,,Senųjų Viesų kaimas,,
Širvintų rajono savivaldybė Širvintų seniūnija,,Spadviliškių kaimas,Lentpjūvės gatvė,
Širvintų rajono savivaldybė Širvintų seniūnija,,Spadviliškių kaimas,Žemųjų Viesų gatvė,
Širvintų rajono savivaldybė Širvintų seniūnija,,Staviškių kaimas,,
Širvintų rajono savivaldybė Širvintų seniūnija,,Surgėliškių viensėdis,,
Širvintų rajono savivaldybė Širvintų seniūnija,,Surgėlių kaimas,,
Širvintų rajono savivaldybė Širvintų seniūnija,,Trejokų kaimas,,
Širvintų rajono savivaldybė Širvintų seniūnija,,Vaidžiuliškių kaimas,,
Širvintų rajono savivaldybė Širvintų seniūnija,,Vaiškūnų kaimas,,
Širvintų rajono savivaldybė Širvintų seniūnija,,Varanavos kaimas,,
Širvintų rajono savivaldybė Širvintų seniūnija,,Vebronių kaimas,,
Širvintų rajono savivaldybė Širvintų seniūnija,,Verbiliškių kaimas,,
Širvintų rajono savivaldybė Širvintų seniūnija,,Vindeikių kaimas,Ateities gatvė,
Širvintų rajono savivaldybė Širvintų seniūnija,,Vindeikių kaimas,Atminties gatvė,
Širvintų rajono savivaldybė Širvintų seniūnija,,Vindeikių kaimas,Didžioji gatvė,
Širvintų rajono savivaldybė Širvintų seniūnija,,Vindeikių kaimas,Ežero gatvė,
Širvintų rajono savivaldybė Širvintų seniūnija,,Vindeikių kaimas,Lauko gatvė,
Širvintų rajono savivaldybė Širvintų seniūnija,,Vindeikių kaimas,Rasos gatvė,
Širvintų rajono savivaldybė Širvintų seniūnija,,Vindeikių kaimas,Trumpoji gatvė,
Širvintų rajono savivaldybė Širvintų seniūnija,,Vytinės kaimas,,
Širvintų rajono savivaldybė Širvintų seniūnija,,Vėjelkos kaimas,,
Širvintų rajono savivaldybė Širvintų seniūnija,,Zasino kaimas,,
Širvintų rajono savivaldybė Širvintų seniūnija,,Černiškių kaimas,Akloji gatvė,
Širvintų rajono savivaldybė Širvintų seniūnija,,Černiškių kaimas,Akmenų gatvė,
Širvintų rajono savivaldybė Širvintų seniūnija,,Černiškių kaimas,Bičiulių gatvė,
Širvintų rajono savivaldybė Širvintų seniūnija,,Černiškių kaimas,Gandrų gatvė,
Širvintų rajono savivaldybė Širvintų seniūnija,,Černiškių kaimas,Giraitės gatvė,
Širvintų rajono savivaldybė Širvintų seniūnija,,Černiškių kaimas,Tujų gatvė,
Širvintų rajono savivaldybė Širvintų seniūnija,,Černiškių kaimas,Šilo gatvė,
Širvintų rajono savivaldybė Širvintų seniūnija,,Čiurkiškių kaimas,,
Širvintų rajono savivaldybė Širvintų seniūnija,,Šeipūnų kaimas,,
Širvintų rajono savivaldybė Širvintų seniūnija,,Šeškupės kaimas,,
Širvintų rajono savivaldybė Širvintų seniūnija,,Šiaulių kaimas,Alyvų gatvė,
Širvintų rajono savivaldybė Širvintų seniūnija,,Šiaulių kaimas,Bijūnų gatvė,
Širvintų rajono savivaldybė Širvintų seniūnija,,Šiaulių kaimas,Plento gatvė,
Širvintų rajono savivaldybė Širvintų seniūnija,,Šiaulių kaimas,Slyvų gatvė,
Širvintų rajono savivaldybė Širvintų seniūnija,,Šilelių kaimas,,
Širvintų rajono savivaldybė Širvintų seniūnija,,Širvintėlių kaimas,,
Širvintų rajono savivaldybė Širvintų seniūnija,,Širvintų kaimas,Alyvų gatvė,
Širvintų rajono savivaldybė Širvintų seniūnija,,Širvintų kaimas,Beržų gatvė,
Širvintų rajono savivaldybė Širvintų seniūnija,,Širvintų kaimas,Dobilo gatvė,
Širvintų rajono savivaldybė Širvintų seniūnija,,Širvintų kaimas,Draugystės gatvė,
Širvintų rajono savivaldybė Širvintų seniūnija,,Širvintų kaimas,Družų gatvė,
Širvintų rajono savivaldybė Širvintų seniūnija,,Širvintų kaimas,Gaisrinės gatvė,
Širvintų rajono savivaldybė Širvintų seniūnija,,Širvintų kaimas,Gluosnių gatvė,
Širvintų rajono savivaldybė Širvintų seniūnija,,Širvintų kaimas,Jazminų gatvė,
Širvintų rajono savivaldybė Širvintų seniūnija,,Širvintų kaimas,Liepų gatvė,
Širvintų rajono savivaldybė Širvintų seniūnija,,Širvintų kaimas,Miško gatvė,
Širvintų rajono savivaldybė Širvintų seniūnija,,Širvintų kaimas,Pergalės gatvė,
Širvintų rajono savivaldybė Širvintų seniūnija,,Širvintų kaimas,Sodžiaus gatvė,
Širvintų rajono savivaldybė Širvintų seniūnija,,Širvintų kaimas,Tiesos gatvė,
Širvintų rajono savivaldybė Širvintų seniūnija,,Širvintų kaimas,Trumpoji gatvė,
Širvintų rajono savivaldybė Širvintų seniūnija,,Širvintų kaimas,Zosinos gatvė,
Širvintų rajono savivaldybė Širvintų seniūnija,,Širvintų kaimas,Žolyno gatvė,
Širvintų rajono savivaldybė Širvintų seniūnija,,Širvintų miestas,Ateities gatvė,
Širvintų rajono savivaldybė Širvintų seniūnija,,Širvintų miestas,Atgimimo gatvė,
Širvintų rajono savivaldybė Širvintų seniūnija,,Širvintų miestas,Atminties gatvė,
Širvintų rajono savivaldybė Širvintų seniūnija,,Širvintų miestas,Aušros gatvė,
Širvintų rajono savivaldybė Širvintų seniūnija,,Širvintų miestas,Eglių gatvė,
Širvintų rajono savivaldybė Širvintų seniūnija,,Širvintų miestas,Gėlių gatvė,
Širvintų rajono savivaldybė Širvintų seniūnija,,Širvintų miestas,I. Šeiniaus gatvė,
Širvintų rajono savivaldybė Širvintų seniūnija,,Širvintų miestas,J. Janonio gatvė,
Širvintų rajono savivaldybė Širvintų seniūnija,,Širvintų miestas,Jaunimo gatvė,
Širvintų rajono savivaldybė Širvintų seniūnija,,Širvintų miestas,Kalnalaukio gatvė,
Širvintų rajono savivaldybė Širvintų seniūnija,,Širvintų miestas,Kaštanėlių gatvė,
Širvintų rajono savivaldybė Širvintų seniūnija,,Širvintų miestas,Kaštonų gatvė,
Širvintų rajono savivaldybė Širvintų seniūnija,,Širvintų miestas,Kriaušių gatvė,
Širvintų rajono savivaldybė Širvintų seniūnija,,Širvintų miestas,L. Giros gatvė,
Širvintų rajono savivaldybė Širvintų seniūnija,,Širvintų miestas,Laisvės gatvė,
Širvintų rajono savivaldybė Širvintų seniūnija,,Širvintų miestas,Liepų gatvė,
Širvintų rajono savivaldybė Širvintų seniūnija,,Širvintų miestas,Medžiotojų gatvė,
Širvintų rajono savivaldybė Širvintų seniūnija,,Širvintų miestas,Mindaugo gatvė,
Širvintų rajono savivaldybė Širvintų seniūnija,,Širvintų miestas,Musninkų gatvė,
Širvintų rajono savivaldybė Širvintų seniūnija,,Širvintų miestas,Naujakurių gatvė,
Širvintų rajono savivaldybė Širvintų seniūnija,,Širvintų miestas,Naujoji gatvė,
Širvintų rajono savivaldybė Širvintų seniūnija,,Širvintų miestas,Naujosios skersgatvis,
Širvintų rajono savivaldybė Širvintų seniūnija,,Širvintų miestas,Nepriklausomybės aikštė,
Širvintų rajono savivaldybė Širvintų seniūnija,,Širvintų miestas,P. Cvirkos gatvė,
Širvintų rajono savivaldybė Širvintų seniūnija,,Širvintų miestas,Pakrantės gatvė,
Širvintų rajono savivaldybė Širvintų seniūnija,,Širvintų miestas,Paupio gatvė,
Širvintų rajono savivaldybė Širvintų seniūnija,,Širvintų miestas,Paupio skersgatvis,
Širvintų rajono savivaldybė Širvintų seniūnija,,Širvintų miestas,Pavasario gatvė,
Širvintų rajono savivaldybė Širvintų seniūnija,,Širvintų miestas,Plento gatvė,
Širvintų rajono savivaldybė Širvintų seniūnija,,Širvintų miestas,Ramunių gatvė,
Širvintų rajono savivaldybė Širvintų seniūnija,,Širvintų miestas,Ramybės gatvė,
Širvintų rajono savivaldybė Širvintų seniūnija,,Širvintų miestas,Saulėtekio gatvė,
Širvintų rajono savivaldybė Širvintų seniūnija,,Širvintų miestas,Savanorių gatvė,
Širvintų rajono savivaldybė Širvintų seniūnija,,Širvintų miestas,Slyvų gatvė,
Širvintų rajono savivaldybė Širvintų seniūnija,,Širvintų miestas,Sodininkų gatvė,
Širvintų rajono savivaldybė Širvintų seniūnija,,Širvintų miestas,Sodų gatvė,
Širvintų rajono savivaldybė Širvintų seniūnija,,Širvintų miestas,Statybininkų gatvė,
Širvintų rajono savivaldybė Širvintų seniūnija,,Širvintų miestas,Staviškių gatvė,
Širvintų rajono savivaldybė Širvintų seniūnija,,Širvintų miestas,Taikos gatvė,
Širvintų rajono savivaldybė Širvintų seniūnija,,Širvintų miestas,Totorių gatvė,
Širvintų rajono savivaldybė Širvintų seniūnija,,Širvintų miestas,Tulpių gatvė,
Širvintų rajono savivaldybė Širvintų seniūnija,,Širvintų miestas,Tvenkinio gatvė,
Širvintų rajono savivaldybė Širvintų seniūnija,,Širvintų miestas,Ukmergės gatvė,
Širvintų rajono savivaldybė Širvintų seniūnija,,Širvintų miestas,Upelio gatvė,
Širvintų rajono savivaldybė Širvintų seniūnija,,Širvintų miestas,Vakarinė gatvė,
Širvintų rajono savivaldybė Širvintų seniūnija,,Širvintų miestas,Vilniaus gatvė,
Širvintų rajono savivaldybė Širvintų seniūnija,,Širvintų miestas,Vyšnių gatvė,
Širvintų rajono savivaldybė Širvintų seniūnija,,Širvintų miestas,Zibalų gatvė,
Širvintų rajono savivaldybė Širvintų seniūnija,,Širvintų miestas,Šermukšnių gatvė,
Širvintų rajono savivaldybė Širvintų seniūnija,,Širvintų miestas,Šermukšnių skersgatvis,
Širvintų rajono savivaldybė Širvintų seniūnija,,Širvintų miestas,Šiaurinės gatvė,
Širvintų rajono savivaldybė Širvintų seniūnija,,Širvintų miestas,Žolynų gatvė,
Širvintų rajono savivaldybė Širvintų seniūnija,,Šniponių kaimas,,
Širvintų rajono savivaldybė Širvintų seniūnija,,Ūdaros kaimas,,
Širvintų rajono savivaldybė Širvintų seniūnija,,Žemųjų Viesų kaimas,Kalno gatvė,
Širvintų rajono savivaldybė Širvintų seniūnija,,Žemųjų Viesų kaimas,Žalioji gatvė,
Širvintų rajono savivaldybė Širvintų seniūnija,,Žindulių kaimas,,
Širvintų rajono savivaldybė Širvintų seniūnija,,Žvirblių kaimas,,
Širvintų rajono savivaldybė Širvintų seniūnija,,Žėplos kaimas,,
Širvintų-Vilniaus rinkimų apygarda Nr. 55,,,Alekniškio vs.,
Širvintų-Vilniaus rinkimų apygarda Nr. 55,,,Aleksandravos vs.,
Širvintų-Vilniaus rinkimų apygarda Nr. 55,,,Armoniškio vs.,
Širvintų-Vilniaus rinkimų apygarda Nr. 55,,,Astikų vs.,
Širvintų-Vilniaus rinkimų apygarda Nr. 55,,,Bagaslaviškio vs.,
Širvintų-Vilniaus rinkimų apygarda Nr. 55,,,Bakaniškių vs.,
Širvintų-Vilniaus rinkimų apygarda Nr. 55,,,Boguliubos vs.,
Širvintų-Vilniaus rinkimų apygarda Nr. 55,,,Bokšto vs.,
Širvintų-Vilniaus rinkimų apygarda Nr. 55,,,Boleslavos vs.,
Širvintų-Vilniaus rinkimų apygarda Nr. 55,,,Boruvkos vs.,
Širvintų-Vilniaus rinkimų apygarda Nr. 55,,,Cegelnės vs.,
Širvintų-Vilniaus rinkimų apygarda Nr. 55,,,Daubariškio vs.,
Širvintų-Vilniaus rinkimų apygarda Nr. 55,,,Degusio Kelmo vs.,
Širvintų-Vilniaus rinkimų apygarda Nr. 55,,,Dembuvkos vs.,
Širvintų-Vilniaus rinkimų apygarda Nr. 55,,,Diskavos vs.,
Širvintų-Vilniaus rinkimų apygarda Nr. 55,,,Dobrovolės vs.,
Širvintų-Vilniaus rinkimų apygarda Nr. 55,,,Drazdiškių vs.,
Širvintų-Vilniaus rinkimų apygarda Nr. 55,,,Durpėnų vs.,
Širvintų-Vilniaus rinkimų apygarda Nr. 55,,,Dvejokų vs.,
Širvintų-Vilniaus rinkimų apygarda Nr. 55,,,Gaidelių vs.,
Širvintų-Vilniaus rinkimų apygarda Nr. 55,,,Geceniškių vs.,
Širvintų-Vilniaus rinkimų apygarda Nr. 55,,,Gelvankos vs.,
Širvintų-Vilniaus rinkimų apygarda Nr. 55,,,Gelvės vs.,
Širvintų-Vilniaus rinkimų apygarda Nr. 55,,,Girelės vs.,
Širvintų-Vilniaus rinkimų apygarda Nr. 55,,,Gojaus vs.,
Širvintų-Vilniaus rinkimų apygarda Nr. 55,,,Gorupės vs.,
Širvintų-Vilniaus rinkimų apygarda Nr. 55,,,Groblės vs.,
Širvintų-Vilniaus rinkimų apygarda Nr. 55,,,Gurų vs.,
Širvintų-Vilniaus rinkimų apygarda Nr. 55,,,Ilgabradės vs.,
Širvintų-Vilniaus rinkimų apygarda Nr. 55,,,Januvkos vs.,
Širvintų-Vilniaus rinkimų apygarda Nr. 55,,,Joniškio vs.,
Širvintų-Vilniaus rinkimų apygarda Nr. 55,,,Juodagalviškių vs.,
Širvintų-Vilniaus rinkimų apygarda Nr. 55,,,Juozapavos vs.,
Širvintų-Vilniaus rinkimų apygarda Nr. 55,,,Kaimenkos vs.,
Širvintų-Vilniaus rinkimų apygarda Nr. 55,,,Kamaikos vs.,
Širvintų-Vilniaus rinkimų apygarda Nr. 55,,,Kaženiškių vs.,
Širvintų-Vilniaus rinkimų apygarda Nr. 55,,,Kelpiškių vs.,
Širvintų-Vilniaus rinkimų apygarda Nr. 55,,,Klonėnų vs.,
Širvintų-Vilniaus rinkimų apygarda Nr. 55,,,Kriaunaitiškių vs.,
Širvintų-Vilniaus rinkimų apygarda Nr. 55,,,Kruopinės vs.,
Širvintų-Vilniaus rinkimų apygarda Nr. 55,,,Laukystos vs.,
Širvintų-Vilniaus rinkimų apygarda Nr. 55,,,Laužiškio vs.,
Širvintų-Vilniaus rinkimų apygarda Nr. 55,,,Lemantaučiznos vs.,
Širvintų-Vilniaus rinkimų apygarda Nr. 55,,,Liepinės vs.,
Širvintų-Vilniaus rinkimų apygarda Nr. 55,,,Linamargio vs.,
Širvintų-Vilniaus rinkimų apygarda Nr. 55,,,Lipuvkos vs.,
Širvintų-Vilniaus rinkimų apygarda Nr. 55,,,Liukonių vs.,
Širvintų-Vilniaus rinkimų apygarda Nr. 55,,,Lydekupės vs.,
Širvintų-Vilniaus rinkimų apygarda Nr. 55,,,Manastirkos vs.,
Širvintų-Vilniaus rinkimų apygarda Nr. 55,,,Markeliškio vs.,
Širvintų-Vilniaus rinkimų apygarda Nr. 55,,,Markūnų vs.,
Širvintų-Vilniaus rinkimų apygarda Nr. 55,,,Matardavos vs.,
Širvintų-Vilniaus rinkimų apygarda Nr. 55,,,Michaluvkos vs.,
Širvintų-Vilniaus rinkimų apygarda Nr. 55,,,Mitkiškių vs.,
Širvintų-Vilniaus rinkimų apygarda Nr. 55,,,Moliupės vs.,
Širvintų-Vilniaus rinkimų apygarda Nr. 55,,,Narūniškių vs.,
Širvintų-Vilniaus rinkimų apygarda Nr. 55,,,Naujapilio vs.,
Širvintų-Vilniaus rinkimų apygarda Nr. 55,,,Nesteriškio vs.,
Širvintų-Vilniaus rinkimų apygarda Nr. 55,,,Nugarų vs.,
Širvintų-Vilniaus rinkimų apygarda Nr. 55,,,Nukovščiznos vs.,
Širvintų-Vilniaus rinkimų apygarda Nr. 55,,,Paežerėlio vs.,
Širvintų-Vilniaus rinkimų apygarda Nr. 55,,,Pagojo vs.,
Širvintų-Vilniaus rinkimų apygarda Nr. 55,,,Pailgių vs.,
Širvintų-Vilniaus rinkimų apygarda Nr. 55,,,Pajuodėlės vs.,
Širvintų-Vilniaus rinkimų apygarda Nr. 55,,,Palionės vs.,
Širvintų-Vilniaus rinkimų apygarda Nr. 55,,,Pazaltarūnų vs.,
Širvintų-Vilniaus rinkimų apygarda Nr. 55,,,Paširvinčio vs.,
Širvintų-Vilniaus rinkimų apygarda Nr. 55,,,Peliškių vs.,
Širvintų-Vilniaus rinkimų apygarda Nr. 55,,,Petruvkos vs.,
Širvintų-Vilniaus rinkimų apygarda Nr. 55,,,Plotų vs.,
Širvintų-Vilniaus rinkimų apygarda Nr. 55,,,Poguliankos vs.,
Širvintų-Vilniaus rinkimų apygarda Nr. 55,,,Pumputiškio vs.,
Širvintų-Vilniaus rinkimų apygarda Nr. 55,,,Raudonkos vs.,
Širvintų-Vilniaus rinkimų apygarda Nr. 55,,,Rosachalinos vs.,
Širvintų-Vilniaus rinkimų apygarda Nr. 55,,,Roskošnės vs.,
Širvintų-Vilniaus rinkimų apygarda Nr. 55,,,Sapnų vs.,
Širvintų-Vilniaus rinkimų apygarda Nr. 55,,,Sasnuvkos vs.,
Širvintų-Vilniaus rinkimų apygarda Nr. 55,,,Savingės vs.,
Širvintų-Vilniaus rinkimų apygarda Nr. 55,,,Smėliankos vs.,
Širvintų-Vilniaus rinkimų apygarda Nr. 55,,,Sofos vs.,
Širvintų-Vilniaus rinkimų apygarda Nr. 55,,,Sporų vs.,
Širvintų-Vilniaus rinkimų apygarda Nr. 55,,,Stakaučiznos vs.,
Širvintų-Vilniaus rinkimų apygarda Nr. 55,,,Stanislavuvkos vs.,
Širvintų-Vilniaus rinkimų apygarda Nr. 55,,,Surgėliškių vs.,
Širvintų-Vilniaus rinkimų apygarda Nr. 55,,,Svietiškių vs.,
Širvintų-Vilniaus rinkimų apygarda Nr. 55,,,Svistūnų vs.,
Širvintų-Vilniaus rinkimų apygarda Nr. 55,,,Trakų vs.,
Širvintų-Vilniaus rinkimų apygarda Nr. 55,,,Užuežerio vs.,
Širvintų-Vilniaus rinkimų apygarda Nr. 55,,,Užukamajo vs.,
Širvintų-Vilniaus rinkimų apygarda Nr. 55,,,Valakėlės vs.,
Širvintų-Vilniaus rinkimų apygarda Nr. 55,,,Verbalaukio vs.,
Širvintų-Vilniaus rinkimų apygarda Nr. 55,,,Zdoniškių vs.,
Širvintų-Vilniaus rinkimų apygarda Nr. 55,,,Zigmantų vs.,
Širvintų-Vilniaus rinkimų apygarda Nr. 55,,,Čivyliškių vs.,
Širvintų-Vilniaus rinkimų apygarda Nr. 55,,,Šafarnės vs.,
Širvintų-Vilniaus rinkimų apygarda Nr. 55,,,Šilelio vs.,
Širvintų-Vilniaus rinkimų apygarda Nr. 55,,,Šiliankos vs.,
Širvintų-Vilniaus rinkimų apygarda Nr. 55,,,Šmukštų vs.,
Širvintų-Vilniaus rinkimų apygarda Nr. 55,,,Žagarinkos vs.,
Širvintų-Vilniaus rinkimų apygarda Nr. 55,,Adolinos kaimas,,
Širvintų-Vilniaus rinkimų apygarda Nr. 55,,Akmenių kaimas,,
Širvintų-Vilniaus rinkimų apygarda Nr. 55,,Aleksandravos kaimas,,
Širvintų-Vilniaus rinkimų apygarda Nr. 55,,Alionių I kaimas,,
Širvintų-Vilniaus rinkimų apygarda Nr. 55,,Alionių II kaimas,,
Širvintų-Vilniaus rinkimų apygarda Nr. 55,,Anciūnų kaimas,,
Širvintų-Vilniaus rinkimų apygarda Nr. 55,,Antanaičių kaimas,,
Širvintų-Vilniaus rinkimų apygarda Nr. 55,,Antaninavos kaimas,,
Širvintų-Vilniaus rinkimų apygarda Nr. 55,,Antanošos kaimas,,
Širvintų-Vilniaus rinkimų apygarda Nr. 55,,Antanėlių kaimas,,
Širvintų-Vilniaus rinkimų apygarda Nr. 55,,Ardiškio kaimas,,
Širvintų-Vilniaus rinkimų apygarda Nr. 55,,Arliškių kaimas,,
Širvintų-Vilniaus rinkimų apygarda Nr. 55,,Astruvkos kaimas,,
Širvintų-Vilniaus rinkimų apygarda Nr. 55,,Augūnijos kaimas,,
Širvintų-Vilniaus rinkimų apygarda Nr. 55,,Aukštadvario kaimas,,
Širvintų-Vilniaus rinkimų apygarda Nr. 55,,Aukštųjų Viesų kaimas,,
Širvintų-Vilniaus rinkimų apygarda Nr. 55,,Avižonių kaimas,,
Širvintų-Vilniaus rinkimų apygarda Nr. 55,,Babriškio kaimas,,
Širvintų-Vilniaus rinkimų apygarda Nr. 55,,Babriškėlio kaimas,,
Širvintų-Vilniaus rinkimų apygarda Nr. 55,,Bagaslaviškio kaimas,,
Širvintų-Vilniaus rinkimų apygarda Nr. 55,,Bagaslaviškio miestelis,,
Širvintų-Vilniaus rinkimų apygarda Nr. 55,,Bagdyšių kaimas,,
Širvintų-Vilniaus rinkimų apygarda Nr. 55,,Bajoriškio kaimas,,
Širvintų-Vilniaus rinkimų apygarda Nr. 55,,Bajorkampio kaimas,,
Širvintų-Vilniaus rinkimų apygarda Nr. 55,,Bajorų kaimas,,
Širvintų-Vilniaus rinkimų apygarda Nr. 55,,Balkūnų kaimas,,
Širvintų-Vilniaus rinkimų apygarda Nr. 55,,Banišonių kaimas,,
Širvintų-Vilniaus rinkimų apygarda Nr. 55,,Bareikiškių kaimas,,
Širvintų-Vilniaus rinkimų apygarda Nr. 55,,Barskūnų kaimas,,
Širvintų-Vilniaus rinkimų apygarda Nr. 55,,Bartasiūniškio kaimas,,
Širvintų-Vilniaus rinkimų apygarda Nr. 55,,Bartkuškio kaimas,,
Širvintų-Vilniaus rinkimų apygarda Nr. 55,,Barzdžių kaimas,,
Širvintų-Vilniaus rinkimų apygarda Nr. 55,,Barčių kaimas,,
Širvintų-Vilniaus rinkimų apygarda Nr. 55,,Beivydžių kaimas,,
Širvintų-Vilniaus rinkimų apygarda Nr. 55,,Beržės kaimas,,
Širvintų-Vilniaus rinkimų apygarda Nr. 55,,Bilotų kaimas,,
Širvintų-Vilniaus rinkimų apygarda Nr. 55,,Blendės kaimas,,
Širvintų-Vilniaus rinkimų apygarda Nr. 55,,Boruvkos kaimas,,
Širvintų-Vilniaus rinkimų apygarda Nr. 55,,Brazelių kaimas,,
Širvintų-Vilniaus rinkimų apygarda Nr. 55,,Bredėnų kaimas,,
Širvintų-Vilniaus rinkimų apygarda Nr. 55,,Bubnių kaimas,,
Širvintų-Vilniaus rinkimų apygarda Nr. 55,,Burniškių kaimas,,
Širvintų-Vilniaus rinkimų apygarda Nr. 55,,Būdos kaimas,,
Širvintų-Vilniaus rinkimų apygarda Nr. 55,,Cegelnės kaimas,,
Širvintų-Vilniaus rinkimų apygarda Nr. 55,,Dabužynės kaimas,,
Širvintų-Vilniaus rinkimų apygarda Nr. 55,,Daciūnų kaimas,,
Širvintų-Vilniaus rinkimų apygarda Nr. 55,,Dailidžionių kaimas,,
Širvintų-Vilniaus rinkimų apygarda Nr. 55,,Dailidžių kaimas,,
Širvintų-Vilniaus rinkimų apygarda Nr. 55,,Dainių kaimas,,
Širvintų-Vilniaus rinkimų apygarda Nr. 55,,Dambuvkos kaimas,,
Širvintų-Vilniaus rinkimų apygarda Nr. 55,,Darkuškių kaimas,,
Širvintų-Vilniaus rinkimų apygarda Nr. 55,,Darmožarų kaimas,,
Širvintų-Vilniaus rinkimų apygarda Nr. 55,,Darvydų kaimas,,
Širvintų-Vilniaus rinkimų apygarda Nr. 55,,Daubariškio kaimas,,
Širvintų-Vilniaus rinkimų apygarda Nr. 55,,Davonių kaimas,,
Širvintų-Vilniaus rinkimų apygarda Nr. 55,,Degsnių kaimas,,
Širvintų-Vilniaus rinkimų apygarda Nr. 55,,Degučių kaimas,,
Širvintų-Vilniaus rinkimų apygarda Nr. 55,,Dembuvkos kaimas,,
Širvintų-Vilniaus rinkimų apygarda Nr. 55,,Diršonių kaimas,,
Širvintų-Vilniaus rinkimų apygarda Nr. 55,,Diržioniškių kaimas,,
Širvintų-Vilniaus rinkimų apygarda Nr. 55,,Draučių kaimas,,
Širvintų-Vilniaus rinkimų apygarda Nr. 55,,Drublionių kaimas,,
Širvintų-Vilniaus rinkimų apygarda Nr. 55,,Družų kaimas,,
Širvintų-Vilniaus rinkimų apygarda Nr. 55,,Dubelių kaimas,,
Širvintų-Vilniaus rinkimų apygarda Nr. 55,,Dubių kaimas,,
Širvintų-Vilniaus rinkimų apygarda Nr. 55,,Dūdiškių kaimas,,
Širvintų-Vilniaus rinkimų apygarda Nr. 55,,Dūdų kaimas,,
Širvintų-Vilniaus rinkimų apygarda Nr. 55,,Eičiūnų kaimas,,
Širvintų-Vilniaus rinkimų apygarda Nr. 55,,Gakos kaimas,,
Širvintų-Vilniaus rinkimų apygarda Nr. 55,,Garliaučiznos kaimas,,
Širvintų-Vilniaus rinkimų apygarda Nr. 55,,Gataukiškio kaimas,,
Širvintų-Vilniaus rinkimų apygarda Nr. 55,,Gavėnių kaimas,,
Širvintų-Vilniaus rinkimų apygarda Nr. 55,,Gelvonėlių kaimas,,
Širvintų-Vilniaus rinkimų apygarda Nr. 55,,Gelvonų kaimas,,
Širvintų-Vilniaus rinkimų apygarda Nr. 55,,Gelvonų miestelis,,
Širvintų-Vilniaus rinkimų apygarda Nr. 55,,Gervėčių kaimas,,
Širvintų-Vilniaus rinkimų apygarda Nr. 55,,Godiškių kaimas,,
Širvintų-Vilniaus rinkimų apygarda Nr. 55,,Graužių kaimas,,
Širvintų-Vilniaus rinkimų apygarda Nr. 55,,Grebliaučiznos kaimas,,
Širvintų-Vilniaus rinkimų apygarda Nr. 55,,Grežėniškių kaimas,,
Širvintų-Vilniaus rinkimų apygarda Nr. 55,,Griciūnų kaimas,,
Širvintų-Vilniaus rinkimų apygarda Nr. 55,,Grigaliūnų kaimas,,
Širvintų-Vilniaus rinkimų apygarda Nr. 55,,Grigiškių kaimas,,
Širvintų-Vilniaus rinkimų apygarda Nr. 55,,Grinių kaimas,,
Širvintų-Vilniaus rinkimų apygarda Nr. 55,,Gudeliškių kaimas,,
Širvintų-Vilniaus rinkimų apygarda Nr. 55,,Gudulinės kaimas,,
Širvintų-Vilniaus rinkimų apygarda Nr. 55,,Ilgojaus kaimas,,
Širvintų-Vilniaus rinkimų apygarda Nr. 55,,Ivanavos kaimas,,
Širvintų-Vilniaus rinkimų apygarda Nr. 55,,Išeriškių kaimas,,
Širvintų-Vilniaus rinkimų apygarda Nr. 55,,Jakūbonių kaimas,,
Širvintų-Vilniaus rinkimų apygarda Nr. 55,,Janionių kaimas,,
Širvintų-Vilniaus rinkimų apygarda Nr. 55,,Jasiškių kaimas,,
Širvintų-Vilniaus rinkimų apygarda Nr. 55,,Jaskaudžių kaimas,,
Širvintų-Vilniaus rinkimų apygarda Nr. 55,,Jauniūnėlių kaimas,,
Širvintų-Vilniaus rinkimų apygarda Nr. 55,,Jauniūnų kaimas,,
Širvintų-Vilniaus rinkimų apygarda Nr. 55,,Jonių kaimas,,
Širvintų-Vilniaus rinkimų apygarda Nr. 55,,Juknonių kaimas,,
Širvintų-Vilniaus rinkimų apygarda Nr. 55,,Juodelių kaimas,,
Širvintų-Vilniaus rinkimų apygarda Nr. 55,,Juodiškių kaimas,,
Širvintų-Vilniaus rinkimų apygarda Nr. 55,,Juodkų kaimas,,
Širvintų-Vilniaus rinkimų apygarda Nr. 55,,Juodonių kaimas,,
Širvintų-Vilniaus rinkimų apygarda Nr. 55,,Juodės kaimas,,
Širvintų-Vilniaus rinkimų apygarda Nr. 55,,Juozapavos kaimas,,
Širvintų-Vilniaus rinkimų apygarda Nr. 55,,Jusiškio kaimas,,
Širvintų-Vilniaus rinkimų apygarda Nr. 55,,Kabaldos kaimas,,
Širvintų-Vilniaus rinkimų apygarda Nr. 55,,Kaimynėlių kaimas,,
Širvintų-Vilniaus rinkimų apygarda Nr. 55,,Kaimynų kaimas,,
Širvintų-Vilniaus rinkimų apygarda Nr. 55,,Kairionių kaimas,,
Širvintų-Vilniaus rinkimų apygarda Nr. 55,,Kaliakiemių kaimas,,
Širvintų-Vilniaus rinkimų apygarda Nr. 55,,Kalnalaukio kaimas,,
Širvintų-Vilniaus rinkimų apygarda Nr. 55,,Kalnynų kaimas,,
Širvintų-Vilniaus rinkimų apygarda Nr. 55,,Kangedų kaimas,,
Širvintų-Vilniaus rinkimų apygarda Nr. 55,,Kantrimiškio kaimas,,
Širvintų-Vilniaus rinkimų apygarda Nr. 55,,Kančiūnų kaimas,,
Širvintų-Vilniaus rinkimų apygarda Nr. 55,,Karališkių kaimas,,
Širvintų-Vilniaus rinkimų apygarda Nr. 55,,Karšūnalaukio kaimas,,
Širvintų-Vilniaus rinkimų apygarda Nr. 55,,Katūniškių kaimas,,
Širvintų-Vilniaus rinkimų apygarda Nr. 55,,Kaukiškio kaimas,,
Širvintų-Vilniaus rinkimų apygarda Nr. 55,,Kazareskos kaimas,,
Širvintų-Vilniaus rinkimų apygarda Nr. 55,,Kazliškių kaimas,,
Širvintų-Vilniaus rinkimų apygarda Nr. 55,,Kernavės miestelis,,
Širvintų-Vilniaus rinkimų apygarda Nr. 55,,Kiauklių kaimas,,
Širvintų-Vilniaus rinkimų apygarda Nr. 55,,Kielių kaimas,,
Širvintų-Vilniaus rinkimų apygarda Nr. 55,,Kiemelių kaimas,,
Širvintų-Vilniaus rinkimų apygarda Nr. 55,,Klišabalės kaimas,,
Širvintų-Vilniaus rinkimų apygarda Nr. 55,,Kolionijos kaimas,,
Širvintų-Vilniaus rinkimų apygarda Nr. 55,,Koltynės kaimas,,
Širvintų-Vilniaus rinkimų apygarda Nr. 55,,Krapiliškių kaimas,,
Širvintų-Vilniaus rinkimų apygarda Nr. 55,,Krašienos kaimas,,
Širvintų-Vilniaus rinkimų apygarda Nr. 55,,Kriaunų kaimas,,
Širvintų-Vilniaus rinkimų apygarda Nr. 55,,Kriveikiškio kaimas,,
Širvintų-Vilniaus rinkimų apygarda Nr. 55,,Krunų kaimas,,
Širvintų-Vilniaus rinkimų apygarda Nr. 55,,Kruznių kaimas,,
Širvintų-Vilniaus rinkimų apygarda Nr. 55,,Kryžiaukos I kaimas,,
Širvintų-Vilniaus rinkimų apygarda Nr. 55,,Kryžiaukos II kaimas,,
Širvintų-Vilniaus rinkimų apygarda Nr. 55,,Krūmėniškių kaimas,,
Širvintų-Vilniaus rinkimų apygarda Nr. 55,,Kubiliškių kaimas,,
Širvintų-Vilniaus rinkimų apygarda Nr. 55,,Kunigiškių I kaimas,,
Širvintų-Vilniaus rinkimų apygarda Nr. 55,,Kunigiškių II kaimas,,
Širvintų-Vilniaus rinkimų apygarda Nr. 55,,Kvakšių kaimas,,
Širvintų-Vilniaus rinkimų apygarda Nr. 55,,Kyvonių kaimas,,
Širvintų-Vilniaus rinkimų apygarda Nr. 55,,Labūnavos kaimas,,
Širvintų-Vilniaus rinkimų apygarda Nr. 55,,Lapelių kaimas,,
Širvintų-Vilniaus rinkimų apygarda Nr. 55,,Lapiškių I kaimas,,
Širvintų-Vilniaus rinkimų apygarda Nr. 55,,Lapiškių II kaimas,,
Širvintų-Vilniaus rinkimų apygarda Nr. 55,,Laplierių kaimas,,
Širvintų-Vilniaus rinkimų apygarda Nr. 55,,Lapšių kaimas,,
Širvintų-Vilniaus rinkimų apygarda Nr. 55,,Lauryniškių kaimas,,
Širvintų-Vilniaus rinkimų apygarda Nr. 55,,Lesčiūnų kaimas,,
Širvintų-Vilniaus rinkimų apygarda Nr. 55,,Levainių kaimas,,
Širvintų-Vilniaus rinkimų apygarda Nr. 55,,Levaniškio I kaimas,,
Širvintų-Vilniaus rinkimų apygarda Nr. 55,,Levaniškio II kaimas,,
Širvintų-Vilniaus rinkimų apygarda Nr. 55,,Levaniškių kaimas,,
Širvintų-Vilniaus rinkimų apygarda Nr. 55,,Liaukiškių kaimas,,
Širvintų-Vilniaus rinkimų apygarda Nr. 55,,Liaurų kaimas,,
Širvintų-Vilniaus rinkimų apygarda Nr. 55,,Limarninko kaimas,,
Širvintų-Vilniaus rinkimų apygarda Nr. 55,,Limonių kaimas,,
Širvintų-Vilniaus rinkimų apygarda Nr. 55,,Liukonių kaimas,,
Širvintų-Vilniaus rinkimų apygarda Nr. 55,,Liuliškių kaimas,,
Širvintų-Vilniaus rinkimų apygarda Nr. 55,,Liūnų I kaimas,,
Širvintų-Vilniaus rinkimų apygarda Nr. 55,,Liūnų II kaimas,,
Širvintų-Vilniaus rinkimų apygarda Nr. 55,,Magūnų kaimas,,
Širvintų-Vilniaus rinkimų apygarda Nr. 55,,Maišelių kaimas,,
Širvintų-Vilniaus rinkimų apygarda Nr. 55,,Malinavos kaimas,,
Širvintų-Vilniaus rinkimų apygarda Nr. 55,,Mantagališkių kaimas,,
Širvintų-Vilniaus rinkimų apygarda Nr. 55,,Mantinionių kaimas,,
Širvintų-Vilniaus rinkimų apygarda Nr. 55,,Mančiušėnų kaimas,,
Širvintų-Vilniaus rinkimų apygarda Nr. 55,,Markučių kaimas,,
Širvintų-Vilniaus rinkimų apygarda Nr. 55,,Markūnų kaimas,,
Širvintų-Vilniaus rinkimų apygarda Nr. 55,,Maskoliškių kaimas,,
Širvintų-Vilniaus rinkimų apygarda Nr. 55,,Matukų kaimas,,
Širvintų-Vilniaus rinkimų apygarda Nr. 55,,Maželių kaimas,,
Širvintų-Vilniaus rinkimų apygarda Nr. 55,,Mažutiškio kaimas,,
Širvintų-Vilniaus rinkimų apygarda Nr. 55,,Medilių kaimas,,
Širvintų-Vilniaus rinkimų apygarda Nr. 55,,Medinų kaimas,,
Širvintų-Vilniaus rinkimų apygarda Nr. 55,,Medžiukų kaimas,,
Širvintų-Vilniaus rinkimų apygarda Nr. 55,,Meiliakalnio kaimas,,
Širvintų-Vilniaus rinkimų apygarda Nr. 55,,Meiliūnų kaimas,,
Širvintų-Vilniaus rinkimų apygarda Nr. 55,,Meižių kaimas,,
Širvintų-Vilniaus rinkimų apygarda Nr. 55,,Mešliukų kaimas,,
Širvintų-Vilniaus rinkimų apygarda Nr. 55,,Mickonių kaimas,,
Širvintų-Vilniaus rinkimų apygarda Nr. 55,,Miegučių kaimas,,
Širvintų-Vilniaus rinkimų apygarda Nr. 55,,Mikailiškio kaimas,,
Širvintų-Vilniaus rinkimų apygarda Nr. 55,,Mikalajūnų kaimas,,
Širvintų-Vilniaus rinkimų apygarda Nr. 55,,Minčiukų kaimas,,
Širvintų-Vilniaus rinkimų apygarda Nr. 55,,Motiejūnų kaimas,,
Širvintų-Vilniaus rinkimų apygarda Nr. 55,,Musninkėlių kaimas,,
Širvintų-Vilniaus rinkimų apygarda Nr. 55,,Musninkų miestelis,,
Širvintų-Vilniaus rinkimų apygarda Nr. 55,,Musės kaimas,,
Širvintų-Vilniaus rinkimų apygarda Nr. 55,,Naidelių kaimas,,
Širvintų-Vilniaus rinkimų apygarda Nr. 55,,Naidų kaimas,,
Širvintų-Vilniaus rinkimų apygarda Nr. 55,,Nartakų kaimas,,
Širvintų-Vilniaus rinkimų apygarda Nr. 55,,Narvydiškio kaimas,,
Širvintų-Vilniaus rinkimų apygarda Nr. 55,,Navasiolkų I kaimas,,
Širvintų-Vilniaus rinkimų apygarda Nr. 55,,Navasiolkų II kaimas,,
Širvintų-Vilniaus rinkimų apygarda Nr. 55,,Navasiolkų III kaimas,,
Širvintų-Vilniaus rinkimų apygarda Nr. 55,,Navasiolkų kaimas,,
Širvintų-Vilniaus rinkimų apygarda Nr. 55,,Neveronių kaimas,,
Širvintų-Vilniaus rinkimų apygarda Nr. 55,,Nečionių kaimas,,
Širvintų-Vilniaus rinkimų apygarda Nr. 55,,Osinuvkos kaimas,,
Širvintų-Vilniaus rinkimų apygarda Nr. 55,,Ožiškių kaimas,,
Širvintų-Vilniaus rinkimų apygarda Nr. 55,,Paberžės kaimas,,
Širvintų-Vilniaus rinkimų apygarda Nr. 55,,Pabiločių kaimas,,
Širvintų-Vilniaus rinkimų apygarda Nr. 55,,Pablendžio kaimas,,
Širvintų-Vilniaus rinkimų apygarda Nr. 55,,Padaciūnų kaimas,,
Širvintų-Vilniaus rinkimų apygarda Nr. 55,,Padubės kaimas,,
Širvintų-Vilniaus rinkimų apygarda Nr. 55,,Padvarių kaimas,,
Širvintų-Vilniaus rinkimų apygarda Nr. 55,,Pagirių kaimas,,
Širvintų-Vilniaus rinkimų apygarda Nr. 55,,Pajuodžių kaimas,,
Širvintų-Vilniaus rinkimų apygarda Nr. 55,,Pakalniškių kaimas,,
Širvintų-Vilniaus rinkimų apygarda Nr. 55,,Pakerpės kaimas,,
Širvintų-Vilniaus rinkimų apygarda Nr. 55,,Palkių kaimas,,
Širvintų-Vilniaus rinkimų apygarda Nr. 55,,Paluknės kaimas,,
Širvintų-Vilniaus rinkimų apygarda Nr. 55,,Pamusių kaimas,,
Širvintų-Vilniaus rinkimų apygarda Nr. 55,,Pamusės kaimas,,
Širvintų-Vilniaus rinkimų apygarda Nr. 55,,Papiernios kaimas,,
Širvintų-Vilniaus rinkimų apygarda Nr. 55,,Pariešių kaimas,,
Širvintų-Vilniaus rinkimų apygarda Nr. 55,,Pasodninkų kaimas,,
Širvintų-Vilniaus rinkimų apygarda Nr. 55,,Paspėrių kaimas,,
Širvintų-Vilniaus rinkimų apygarda Nr. 55,,Pavasarėlių kaimas,,
Širvintų-Vilniaus rinkimų apygarda Nr. 55,,Paversmių kaimas,,
Širvintų-Vilniaus rinkimų apygarda Nr. 55,,Paširvinčio kaimas,,
Širvintų-Vilniaus rinkimų apygarda Nr. 55,,Paširvinčių kaimas,,
Širvintų-Vilniaus rinkimų apygarda Nr. 55,,Pažydės kaimas,,
Širvintų-Vilniaus rinkimų apygarda Nr. 55,,Pažūsių kaimas,,
Širvintų-Vilniaus rinkimų apygarda Nr. 55,,Petriškių kaimas,,
Širvintų-Vilniaus rinkimų apygarda Nr. 55,,Pigašių kaimas,,
Širvintų-Vilniaus rinkimų apygarda Nr. 55,,Pigonių kaimas,,
Širvintų-Vilniaus rinkimų apygarda Nr. 55,,Pikūnų kaimas,,
Širvintų-Vilniaus rinkimų apygarda Nr. 55,,Plikiškių kaimas,,
Širvintų-Vilniaus rinkimų apygarda Nr. 55,,Pociūniškio kaimas,,
Širvintų-Vilniaus rinkimų apygarda Nr. 55,,Pociūnų kaimas,,
Širvintų-Vilniaus rinkimų apygarda Nr. 55,,Pokiškių kaimas,,
Širvintų-Vilniaus rinkimų apygarda Nr. 55,,Poriškio kaimas,,
Širvintų-Vilniaus rinkimų apygarda Nr. 55,,Pramislavos kaimas,,
Širvintų-Vilniaus rinkimų apygarda Nr. 55,,Praniukų kaimas,,
Širvintų-Vilniaus rinkimų apygarda Nr. 55,,Prienų kaimas,,
Širvintų-Vilniaus rinkimų apygarda Nr. 55,,Puorių kaimas,,
Širvintų-Vilniaus rinkimų apygarda Nr. 55,,Pusilgiškių kaimas,,
Širvintų-Vilniaus rinkimų apygarda Nr. 55,,Pyplių kaimas,,
Širvintų-Vilniaus rinkimų apygarda Nr. 55,,Ragaunės kaimas,,
Širvintų-Vilniaus rinkimų apygarda Nr. 55,,Raistalindžių kaimas,,
Širvintų-Vilniaus rinkimų apygarda Nr. 55,,Ramaškonių kaimas,,
Širvintų-Vilniaus rinkimų apygarda Nr. 55,,Ramoniškių I kaimas,,
Širvintų-Vilniaus rinkimų apygarda Nr. 55,,Ramoniškių II kaimas,,
Širvintų-Vilniaus rinkimų apygarda Nr. 55,,Ramoniškių kaimas,,
Širvintų-Vilniaus rinkimų apygarda Nr. 55,,Rimučių kaimas,,
Širvintų-Vilniaus rinkimų apygarda Nr. 55,,Rubikonių kaimas,,
Širvintų-Vilniaus rinkimų apygarda Nr. 55,,Rudeikiškių kaimas,,
Širvintų-Vilniaus rinkimų apygarda Nr. 55,,Rudžionių kaimas,,
Širvintų-Vilniaus rinkimų apygarda Nr. 55,,Rusių Rago kaimas,,
Širvintų-Vilniaus rinkimų apygarda Nr. 55,,Rusokų kaimas,,
Širvintų-Vilniaus rinkimų apygarda Nr. 55,,Rusteikiškių kaimas,,
Širvintų-Vilniaus rinkimų apygarda Nr. 55,,Sabališkių kaimas,,
Širvintų-Vilniaus rinkimų apygarda Nr. 55,,Sakalninkų kaimas,,
Širvintų-Vilniaus rinkimų apygarda Nr. 55,,Sakalniškių kaimas,,
Širvintų-Vilniaus rinkimų apygarda Nr. 55,,Salų kaimas,,
Širvintų-Vilniaus rinkimų apygarda Nr. 55,,Santakio kaimas,,
Širvintų-Vilniaus rinkimų apygarda Nr. 55,,Santariškių kaimas,,
Širvintų-Vilniaus rinkimų apygarda Nr. 55,,Saveikiškio I kaimas,,
Širvintų-Vilniaus rinkimų apygarda Nr. 55,,Saveikiškio II kaimas,,
Širvintų-Vilniaus rinkimų apygarda Nr. 55,,Sedūnų kaimas,,
Širvintų-Vilniaus rinkimų apygarda Nr. 55,,Semeniškių kaimas,,
Širvintų-Vilniaus rinkimų apygarda Nr. 55,,Senadvarių kaimas,,
Širvintų-Vilniaus rinkimų apygarda Nr. 55,,Senųjų Viesų kaimas,,
Širvintų-Vilniaus rinkimų apygarda Nr. 55,,Skauradų kaimas,,
Širvintų-Vilniaus rinkimų apygarda Nr. 55,,Skruzdėlių kaimas,,
Širvintų-Vilniaus rinkimų apygarda Nr. 55,,Skėterių kaimas,,
Širvintų-Vilniaus rinkimų apygarda Nr. 55,,Smailių kaimas,,
Širvintų-Vilniaus rinkimų apygarda Nr. 55,,Spadviliškių kaimas,,
Širvintų-Vilniaus rinkimų apygarda Nr. 55,,Spietiškių kaimas,,
Širvintų-Vilniaus rinkimų apygarda Nr. 55,,Standviliškio kaimas,,
Širvintų-Vilniaus rinkimų apygarda Nr. 55,,Staniškių kaimas,,
Širvintų-Vilniaus rinkimų apygarda Nr. 55,,Stavarygalos kaimas,,
Širvintų-Vilniaus rinkimų apygarda Nr. 55,,Staviškių kaimas,,
Širvintų-Vilniaus rinkimų apygarda Nr. 55,,Staškūniškio kaimas,,
Širvintų-Vilniaus rinkimų apygarda Nr. 55,,Stepanavos kaimas,,
Širvintų-Vilniaus rinkimų apygarda Nr. 55,,Steporių kaimas,,
Širvintų-Vilniaus rinkimų apygarda Nr. 55,,Strazdų kaimas,,
Širvintų-Vilniaus rinkimų apygarda Nr. 55,,Sudokių kaimas,,
Širvintų-Vilniaus rinkimų apygarda Nr. 55,,Surgėlių kaimas,,
Širvintų-Vilniaus rinkimų apygarda Nr. 55,,Sutkiškių kaimas,,
Širvintų-Vilniaus rinkimų apygarda Nr. 55,,Svietiškių kaimas,,
Širvintų-Vilniaus rinkimų apygarda Nr. 55,,Tarautiškių kaimas,,
Širvintų-Vilniaus rinkimų apygarda Nr. 55,,Tarniškių kaimas,,
Širvintų-Vilniaus rinkimų apygarda Nr. 55,,Taučiulių kaimas,,
Širvintų-Vilniaus rinkimų apygarda Nr. 55,,Tilvikų kaimas,,
Širvintų-Vilniaus rinkimų apygarda Nr. 55,,Toliotiškio kaimas,,
Širvintų-Vilniaus rinkimų apygarda Nr. 55,,Topeliškio kaimas,,
Širvintų-Vilniaus rinkimų apygarda Nr. 55,,Totoriškio kaimas,,
Širvintų-Vilniaus rinkimų apygarda Nr. 55,,Trapelių kaimas,,
Širvintų-Vilniaus rinkimų apygarda Nr. 55,,Trejokų kaimas,,
Širvintų-Vilniaus rinkimų apygarda Nr. 55,,Trimputiškių kaimas,,
Širvintų-Vilniaus rinkimų apygarda Nr. 55,,Turlojiškių kaimas,,
Širvintų-Vilniaus rinkimų apygarda Nr. 55,,Ulšiškių kaimas,,
Širvintų-Vilniaus rinkimų apygarda Nr. 55,,Ustronės kaimas,,
Širvintų-Vilniaus rinkimų apygarda Nr. 55,,Užublendžių kaimas,,
Širvintų-Vilniaus rinkimų apygarda Nr. 55,,Užušilių kaimas,,
Širvintų-Vilniaus rinkimų apygarda Nr. 55,,Vaidžiuliškių kaimas,,
Širvintų-Vilniaus rinkimų apygarda Nr. 55,,Vaitkuškės kaimas,,
Širvintų-Vilniaus rinkimų apygarda Nr. 55,,Vaiškūnų kaimas,,
Širvintų-Vilniaus rinkimų apygarda Nr. 55,,Valiukiškių kaimas,,
Širvintų-Vilniaus rinkimų apygarda Nr. 55,,Varanavos kaimas,,
Širvintų-Vilniaus rinkimų apygarda Nr. 55,,Variekos kaimas,,
Širvintų-Vilniaus rinkimų apygarda Nr. 55,,Varnalėšų kaimas,,
Širvintų-Vilniaus rinkimų apygarda Nr. 55,,Vazgūnų kaimas,,
Širvintų-Vilniaus rinkimų apygarda Nr. 55,,Vebronių kaimas,,
Širvintų-Vilniaus rinkimų apygarda Nr. 55,,Veiveros kaimas,,
Širvintų-Vilniaus rinkimų apygarda Nr. 55,,Verbiliškių kaimas,,
Širvintų-Vilniaus rinkimų apygarda Nr. 55,,Vileikiškių kaimas,,
Širvintų-Vilniaus rinkimų apygarda Nr. 55,,Vindeikių kaimas,,
Širvintų-Vilniaus rinkimų apygarda Nr. 55,,Vinkšnabrasčio kaimas,,
Širvintų-Vilniaus rinkimų apygarda Nr. 55,,Virvyčių kaimas,,
Širvintų-Vilniaus rinkimų apygarda Nr. 55,,Viršuliškių kaimas,,
Širvintų-Vilniaus rinkimų apygarda Nr. 55,,Viršulių kaimas,,
Širvintų-Vilniaus rinkimų apygarda Nr. 55,,Viršūniškių kaimas,,
Širvintų-Vilniaus rinkimų apygarda Nr. 55,,Vičiūnų kaimas,,
Širvintų-Vilniaus rinkimų apygarda Nr. 55,,Vytinės kaimas,,
Širvintų-Vilniaus rinkimų apygarda Nr. 55,,Vyšnialaukio kaimas,,
Širvintų-Vilniaus rinkimų apygarda Nr. 55,,Vėjelkos kaimas,,
Širvintų-Vilniaus rinkimų apygarda Nr. 55,,Zaltarūnų kaimas,,
Širvintų-Vilniaus rinkimų apygarda Nr. 55,,Zasino kaimas,,
Širvintų-Vilniaus rinkimų apygarda Nr. 55,,Zibalų kaimas,,
Širvintų-Vilniaus rinkimų apygarda Nr. 55,,Zibalų miestelis,,
Širvintų-Vilniaus rinkimų apygarda Nr. 55,,Zubelių kaimas,,
Širvintų-Vilniaus rinkimų apygarda Nr. 55,,Černiškių kaimas,,
Širvintų-Vilniaus rinkimų apygarda Nr. 55,,Čiobiškio kaimas,,
Širvintų-Vilniaus rinkimų apygarda Nr. 55,,Čirkų kaimas,,
Širvintų-Vilniaus rinkimų apygarda Nr. 55,,Čiurkiškių kaimas,,
Širvintų-Vilniaus rinkimų apygarda Nr. 55,,Šafarnės kaimas,,
Širvintų-Vilniaus rinkimų apygarda Nr. 55,,Šalkiškių kaimas,,
Širvintų-Vilniaus rinkimų apygarda Nr. 55,,Šarkaičių kaimas,,
Širvintų-Vilniaus rinkimų apygarda Nr. 55,,Šeiniūnų kaimas,,
Širvintų-Vilniaus rinkimų apygarda Nr. 55,,Šeipūnų kaimas,,
Širvintų-Vilniaus rinkimų apygarda Nr. 55,,Šeškupės kaimas,,
Širvintų-Vilniaus rinkimų apygarda Nr. 55,,Šešuolėlių I kaimas,,
Širvintų-Vilniaus rinkimų apygarda Nr. 55,,Šešuolėlių II kaimas,,
Širvintų-Vilniaus rinkimų apygarda Nr. 55,,Šiaulių kaimas,,
Širvintų-Vilniaus rinkimų apygarda Nr. 55,,Šilelių kaimas,,
Širvintų-Vilniaus rinkimų apygarda Nr. 55,,Širvintėlių kaimas,,
Širvintų-Vilniaus rinkimų apygarda Nr. 55,,Širvintų kaimas,,
Širvintų-Vilniaus rinkimų apygarda Nr. 55,,Širvintų miestas,Ateities gatvė,
Širvintų-Vilniaus rinkimų apygarda Nr. 55,,Širvintų miestas,Atgimimo gatvė,
Širvintų-Vilniaus rinkimų apygarda Nr. 55,,Širvintų miestas,Atminties gatvė,
Širvintų-Vilniaus rinkimų apygarda Nr. 55,,Širvintų miestas,Aušros gatvė,
Širvintų-Vilniaus rinkimų apygarda Nr. 55,,Širvintų miestas,Gėlių gatvė,
Širvintų-Vilniaus rinkimų apygarda Nr. 55,,Širvintų miestas,I. Šeiniaus gatvė,
Širvintų-Vilniaus rinkimų apygarda Nr. 55,,Širvintų miestas,J. Janonio gatvė,
Širvintų-Vilniaus rinkimų apygarda Nr. 55,,Širvintų miestas,Jaunimo gatvė,
Širvintų-Vilniaus rinkimų apygarda Nr. 55,,Širvintų miestas,Kalnalaukio gatvė,"4, 5, 7, 8, 9, 11, 12, 13, 13A, 13B, 14, 15, 16, 17, 18, 19, 20, 21, 22, 23, 24, 25, 26, 27-39 odd, 58, 61, 64, 67, 69, 71, 72, 73, 74, 75, 76, 77, 78, 79, 80, 81, 82, 83, 84, 85, 86, 87, 88, 89, 90, 91, 92, 92A, 92B, 93, 94, 95, 96, 97, 98, 99, 100, 101, 102, 103, 104, 105, 107, 108, 109, 110, 111, 112, 113, 114, 115, 117"
Širvintų-Vilniaus rinkimų apygarda Nr. 55,,Širvintų miestas,Kaštanėlių gatvė,
Širvintų-Vilniaus rinkimų apygarda Nr. 55,,Širvintų miestas,Kaštonų gatvė,
Širvintų-Vilniaus rinkimų apygarda Nr. 55,,Širvintų miestas,Kriaušių gatvė,
Širvintų-Vilniaus rinkimų apygarda Nr. 55,,Širvintų miestas,L. Giros gatvė,
Širvintų-Vilniaus rinkimų apygarda Nr. 55,,Širvintų miestas,Laisvės gatvė,
Širvintų-Vilniaus rinkimų apygarda Nr. 55,,Širvintų miestas,Liepų gatvė,
Širvintų-Vilniaus rinkimų apygarda Nr. 55,,Širvintų miestas,Medžiotojų gatvė,
Širvintų-Vilniaus rinkimų apygarda Nr. 55,,Širvintų miestas,Mindaugo gatvė,
Širvintų-Vilniaus rinkimų apygarda Nr. 55,,Širvintų miestas,Musninkų gatvė,
Širvintų-Vilniaus rinkimų apygarda Nr. 55,,Širvintų miestas,Naujakurių gatvė,
Širvintų-Vilniaus rinkimų apygarda Nr. 55,,Širvintų miestas,Naujoji gatvė,
Širvintų-Vilniaus rinkimų apygarda Nr. 55,,Širvintų miestas,Naujosios skersgatvis,
Širvintų-Vilniaus rinkimų apygarda Nr. 55,,Širvintų miestas,Nepriklausomybės aikštė,
Širvintų-Vilniaus rinkimų apygarda Nr. 55,,Širvintų miestas,P. Cvirkos gatvė,
Širvintų-Vilniaus rinkimų apygarda Nr. 55,,Širvintų miestas,Pakrantės gatvė,
Širvintų-Vilniaus rinkimų apygarda Nr. 55,,Širvintų miestas,Paupio gatvė,
Širvintų-Vilniaus rinkimų apygarda Nr. 55,,Širvintų miestas,Paupio skersgatvis,
Širvintų-Vilniaus rinkimų apygarda Nr. 55,,Širvintų miestas,Pavasario gatvė,
Širvintų-Vilniaus rinkimų apygarda Nr. 55,,Širvintų miestas,Plento gatvė,
Širvintų-Vilniaus rinkimų apygarda Nr. 55,,Širvintų miestas,Ramunių gatvė,
Širvintų-Vilniaus rinkimų apygarda Nr. 55,,Širvintų miestas,Ramybės gatvė,
Širvintų-Vilniaus rinkimų apygarda Nr. 55,,Širvintų miestas,Saulėtekio gatvė,
Širvintų-Vilniaus rinkimų apygarda Nr. 55,,Širvintų miestas,Savanorių gatvė,
Širvintų-Vilniaus rinkimų apygarda Nr. 55,,Širvintų miestas,Slyvų gatvė,
Širvintų-Vilniaus rinkimų apygarda Nr. 55,,Širvintų miestas,Sodų gatvė,
Širvintų-Vilniaus rinkimų apygarda Nr. 55,,Širvintų miestas,Statybininkų gatvė,
Širvintų-Vilniaus rinkimų apygarda Nr. 55,,Širvintų miestas,Staviškių gatvė,
Širvintų-Vilniaus rinkimų apygarda Nr. 55,,Širvintų miestas,Taikos gatvė,
Širvintų-Vilniaus rinkimų apygarda Nr. 55,,Širvintų miestas,Totorių gatvė,
Širvintų-Vilniaus rinkimų apygarda Nr. 55,,Širvintų miestas,Tulpių gatvė,
Širvintų-Vilniaus rinkimų apygarda Nr. 55,,Širvintų miestas,Ukmergės gatvė,
Širvintų-Vilniaus rinkimų apygarda Nr. 55,,Širvintų miestas,Upelio gatvė,
Širvintų-Vilniaus rinkimų apygarda Nr. 55,,Širvintų miestas,Vakarinė gatvė,
Širvintų-Vilniaus rinkimų apygarda Nr. 55,,Širvintų miestas,Vilniaus gatvė,"3, 4, 5, 7, 8, 11, 12, 14, 15, 16, 17, 18, 19, 20, 22, 24, 25, 26, 28, 29, 30A, 30, 32, 34, 41, 42, 43, 44, 45, 46, 48, 53, 56, 58, 59, 69, 72, 88, 90, 91, 93, 94, 96, 99, 101, 102, 104, 105, 107, 108, 111, 113, 114, 115, 116, 117, 118, 119, 120, 120A, 120B, 121, 122, 123, 124, 125, 126, 127, 128, 128A, 128B, 129, 130, 131, 132, 133, 133A, 133B, 134, 135, 136, 137, 138, 139, 142, 146, 31-35 odd, 38-40 even, 60-66 even"
Širvintų-Vilniaus rinkimų apygarda Nr. 55,,Širvintų miestas,Vyšnių gatvė,
Širvintų-Vilniaus rinkimų apygarda Nr. 55,,Širvintų miestas,Zibalų gatvė,
Širvintų-Vilniaus rinkimų apygarda Nr. 55,,Širvintų miestas,Šermukšnių gatvė,
Širvintų-Vilniaus rinkimų apygarda Nr. 55,,Širvintų miestas,Šermukšnių skersgatvis,"1, 2, 3, 4"
Širvintų-Vilniaus rinkimų apygarda Nr. 55,,Širvintų miestas,Šiaurinės gatvė,
Širvintų-Vilniaus rinkimų apygarda Nr. 55,,Širvintų miestas,Žolynų gatvė,
Širvintų-Vilniaus rinkimų apygarda Nr. 55,,Šlevėtrų kaimas,,
Širvintų-Vilniaus rinkimų apygarda Nr. 55,,Šniponių kaimas,,
Širvintų-Vilniaus rinkimų apygarda Nr. 55,,Špokiškio kaimas,,
Širvintų-Vilniaus rinkimų apygarda Nr. 55,,Šventakalnio kaimas,,
Širvintų-Vilniaus rinkimų apygarda Nr. 55,,Ščiūriškio kaimas,,
Širvintų-Vilniaus rinkimų apygarda Nr. 55,,Ūdaros kaimas,,
Širvintų-Vilniaus rinkimų apygarda Nr. 55,,Ūlyčėlių kaimas,,
Širvintų-Vilniaus rinkimų apygarda Nr. 55,,Ūlyčėlės kaimas,,
Širvintų-Vilniaus rinkimų apygarda Nr. 55,,Žadžių kaimas,,
Širvintų-Vilniaus rinkimų apygarda Nr. 55,,Žaigaičių kaimas,,
Širvintų-Vilniaus rinkimų apygarda Nr. 55,,Žarnavagių kaimas,,
Širvintų-Vilniaus rinkimų apygarda Nr. 55,,Žemųjų Viesų kaimas,,
Širvintų-Vilniaus rinkimų apygarda Nr. 55,,Žibėnų kaimas,,
Širvintų-Vilniaus rinkimų apygarda Nr. 55,,Žieveliškių kaimas,,
Širvintų-Vilniaus rinkimų apygarda Nr. 55,,Žindulių kaimas,,
Širvintų-Vilniaus rinkimų apygarda Nr. 55,,Žičkų kaimas,,
Širvintų-Vilniaus rinkimų apygarda Nr. 55,,Žiūrių kaimas,,
Širvintų-Vilniaus rinkimų apygarda Nr. 55,,Žuvinčių kaimas,,
Širvintų-Vilniaus rinkimų apygarda Nr. 55,,Žvagakalnio kaimas,,
Širvintų-Vilniaus rinkimų apygarda Nr. 55,,Žvirblių kaimas,,
Širvintų-Vilniaus rinkimų apygarda Nr. 55,,Žėplos kaimas,,
